Gene_name1,Gene_name2,Level,top_AD_snp,top_AD_chr,top_AD_bp,top_AD_A1,top_AD_A2,top_pQTL_snp,top_pQTL_chr,top_pQTL_bp,top_pQTL_A1,top_pQTL_A2,top_AD_r2,top_AD_r2_snp,top_AD_r2_chr,top_AD_r2_bp,top_AD_r2_A1,top_AD_r2_A2,top_pQTL_r2,top_pQTL_r2_snp,top_pQTL_r2_chr,top_pQTL_r2_bp,top_pQTL_r2_A1,top_pQTL_r2_A2
LRRC16A,CARMIL1,Secondary,rs3896408,6,25410013,A,T,,,,,,1,rs3896408,6,25410013,A,T,,,,,,
LRRC16A,CARMIL1,Secondary,rs3896408,6,25410013,A,T,,,,,,0.822206,rs1576169,6,25409086,C,T,,,,,,
LRRC16A,CARMIL1,Secondary,,,,,,rs2690097,6,25346514,C,T,,,,,,,1,rs2690097,6,25346514,C,T
PHB,PHB1,Secondary,rs12944684,17,49432124,C,G,,,,,,1,rs12944684,17,49432124,C,G,,,,,,
PHB,PHB1,Secondary,rs12944684,17,49432124,C,G,,,,,,0.988564,rs71379361,17,49418520,T,C,,,,,,
PHB,PHB1,Secondary,rs12944684,17,49432124,C,G,,,,,,0.987941,rs79796766,17,49419998,A,G,,,,,,
PHB,PHB1,Secondary,rs12944684,17,49432124,C,G,,,,,,0.963168,rs7502499,17,49412740,A,G,,,,,,
PHB,PHB1,Secondary,rs12944684,17,49432124,C,G,,,,,,0.948443,rs55714120,17,49411461,T,G,,,,,,
PHB,PHB1,Secondary,rs12944684,17,49432124,C,G,,,,,,0.941749,rs2233667,17,49406866,C,G,,,,,,
PHB,PHB1,Secondary,rs12944684,17,49432124,C,G,,,,,,0.940392,rs2898883,17,49405591,A,G,,,,,,
PHB,PHB1,Secondary,rs12944684,17,49432124,C,G,,,,,,0.91306,rs9912738,17,49433222,C,T,,,,,,
PHB,PHB1,Secondary,rs12944684,17,49432124,C,G,,,,,,0.88417,rs8080108,17,49436349,C,T,,,,,,
PHB,PHB1,Secondary,,,,,,rs6504611,17,49416298,C,T,,,,,,,1,rs6504611,17,49416298,C,T
PHB,PHB1,Secondary,,,,,,rs6504611,17,49416298,C,T,,,,,,,0.995636,rs6504612,17,49420772,T,G
PHB,PHB1,Secondary,,,,,,rs6504611,17,49416298,C,T,,,,,,,0.992576,rs2233659,17,49415225,G,T
PHB,PHB1,Secondary,,,,,,rs6504611,17,49416298,C,T,,,,,,,0.988326,rs7209261,17,49429832,A,T
PHB,PHB1,Secondary,,,,,,rs6504611,17,49416298,C,T,,,,,,,0.973589,rs7222591,17,49429657,T,G
PHB,PHB1,Secondary,,,,,,rs6504611,17,49416298,C,T,,,,,,,0.97287,rs7216547,17,49432101,C,A
PHB,PHB1,Secondary,,,,,,rs6504611,17,49416298,C,T,,,,,,,0.951827,rs7207617,17,49433834,G,A
PHB,PHB1,Secondary,,,,,,rs6504611,17,49416298,C,T,,,,,,,0.937279,rs9904835,17,49432418,G,A
PHB,PHB1,Secondary,,,,,,rs6504611,17,49416298,C,T,,,,,,,0.92452,rs4477768,17,49433211,C,G
PHB,PHB1,Secondary,,,,,,rs6504611,17,49416298,C,T,,,,,,,0.89069,rs2233669,17,49406641,C,T
PHB,PHB1,Secondary,,,,,,rs6504611,17,49416298,C,T,,,,,,,0.870793,rs2165703,17,49436512,T,C
PHB,PHB1,Secondary,,,,,,rs6504611,17,49416298,C,T,,,,,,,0.870707,rs2119929,17,49436765,A,C
PHB,PHB1,Secondary,,,,,,rs6504611,17,49416298,C,T,,,,,,,0.870398,rs8075428,17,49436158,T,C
PHB,PHB1,Secondary,,,,,,rs6504611,17,49416298,C,T,,,,,,,0.870338,rs8075138,17,49436009,T,C
PHB,PHB1,Secondary,,,,,,rs6504611,17,49416298,C,T,,,,,,,0.86994,rs8079832,17,49436186,C,T
PHB,PHB1,Secondary,,,,,,rs6504611,17,49416298,C,T,,,,,,,0.837483,rs2119930,17,49436677,G,T
RFTN1,RFTN1,Secondary,rs6803931,3,16265607,C,T,,,,,,1,rs6803931,3,16265607,C,T,,,,,,
RFTN1,RFTN1,Secondary,rs6803931,3,16265607,C,T,,,,,,0.997191,rs6797005,3,16272365,C,G,,,,,,
RFTN1,RFTN1,Secondary,rs6803931,3,16265607,C,T,,,,,,0.997004,rs6796483,3,16271813,A,G,,,,,,
RFTN1,RFTN1,Secondary,rs6803931,3,16265607,C,T,,,,,,0.996442,rs11925571,3,16277408,A,G,,,,,,
RFTN1,RFTN1,Secondary,rs6803931,3,16265607,C,T,,,,,,0.996256,rs6777976,3,16286402,T,C,,,,,,
RFTN1,RFTN1,Secondary,rs6803931,3,16265607,C,T,,,,,,0.993823,rs62233916,3,16313641,G,A,,,,,,
RFTN1,RFTN1,Secondary,rs6803931,3,16265607,C,T,,,,,,0.993823,rs62233917,3,16314182,A,T,,,,,,
RFTN1,RFTN1,Secondary,rs6803931,3,16265607,C,T,,,,,,0.991445,rs6442594,3,16285685,C,G,,,,,,
RFTN1,RFTN1,Secondary,rs6803931,3,16265607,C,T,,,,,,0.991258,rs62233911,3,16283650,G,A,,,,,,
RFTN1,RFTN1,Secondary,rs6803931,3,16265607,C,T,,,,,,0.990692,rs11929469,3,16277081,G,T,,,,,,
RFTN1,RFTN1,Secondary,rs6803931,3,16265607,C,T,,,,,,0.990681,rs6804208,3,16268872,A,G,,,,,,
RFTN1,RFTN1,Secondary,rs6803931,3,16265607,C,T,,,,,,0.990504,rs11926401,3,16277601,A,G,,,,,,
RFTN1,RFTN1,Secondary,rs6803931,3,16265607,C,T,,,,,,0.990504,rs6792868,3,16278222,G,A,,,,,,
RFTN1,RFTN1,Secondary,rs6803931,3,16265607,C,T,,,,,,0.990136,rs9830393,3,16278047,C,A,,,,,,
RFTN1,RFTN1,Secondary,rs6803931,3,16265607,C,T,,,,,,0.989586,rs62233913,3,16311452,T,A,,,,,,
RFTN1,RFTN1,Secondary,rs6803931,3,16265607,C,T,,,,,,0.989586,rs62233914,3,16311483,A,G,,,,,,
RFTN1,RFTN1,Secondary,rs6803931,3,16265607,C,T,,,,,,0.989586,rs28421777,3,16312033,T,G,,,,,,
RFTN1,RFTN1,Secondary,rs6803931,3,16265607,C,T,,,,,,0.989586,rs6767356,3,16312960,A,G,,,,,,
RFTN1,RFTN1,Secondary,rs6803931,3,16265607,C,T,,,,,,0.989557,rs7615129,3,16307913,T,C,,,,,,
RFTN1,RFTN1,Secondary,rs6803931,3,16265607,C,T,,,,,,0.989196,3:16308548:C:T,3,16308548,T,C,,,,,,
RFTN1,RFTN1,Secondary,rs6803931,3,16265607,C,T,,,,,,0.988834,rs552,3,16260452,A,G,,,,,,
RFTN1,RFTN1,Secondary,rs6803931,3,16265607,C,T,,,,,,0.988832,rs2292614,3,16260284,A,G,,,,,,
RFTN1,RFTN1,Secondary,rs6803931,3,16265607,C,T,,,,,,0.988656,rs6442595,3,16310686,G,A,,,,,,
RFTN1,RFTN1,Secondary,rs6803931,3,16265607,C,T,,,,,,0.988402,rs55977707,3,16318486,A,G,,,,,,
RFTN1,RFTN1,Secondary,rs6803931,3,16265607,C,T,,,,,,0.98803,rs56306506,3,16318318,T,C,,,,,,
RFTN1,RFTN1,Secondary,rs6803931,3,16265607,C,T,,,,,,0.98772,rs6795350,3,16314271,G,A,,,,,,
RFTN1,RFTN1,Secondary,rs6803931,3,16265607,C,T,,,,,,0.987668,rs6793891,3,16265727,A,G,,,,,,
RFTN1,RFTN1,Secondary,rs6803931,3,16265607,C,T,,,,,,0.987289,rs59419439,3,16319293,G,A,,,,,,
RFTN1,RFTN1,Secondary,rs6803931,3,16265607,C,T,,,,,,0.986172,rs9813083,3,16280134,G,A,,,,,,
RFTN1,RFTN1,Secondary,rs6803931,3,16265607,C,T,,,,,,0.985989,rs13316316,3,16294263,T,C,,,,,,
RFTN1,RFTN1,Secondary,rs6803931,3,16265607,C,T,,,,,,0.985608,rs28524788,3,16289050,C,T,,,,,,
RFTN1,RFTN1,Secondary,rs6803931,3,16265607,C,T,,,,,,0.985056,rs66732107,3,16294519,T,C,,,,,,
RFTN1,RFTN1,Secondary,rs6803931,3,16265607,C,T,,,,,,0.984859,rs28639712,3,16261777,A,C,,,,,,
RFTN1,RFTN1,Secondary,rs6803931,3,16265607,C,T,,,,,,0.984489,rs58171469,3,16285003,C,T,,,,,,
RFTN1,RFTN1,Secondary,rs6803931,3,16265607,C,T,,,,,,0.983778,rs9817227,3,16317729,T,C,,,,,,
RFTN1,RFTN1,Secondary,rs6803931,3,16265607,C,T,,,,,,0.983778,rs9817725,3,16318021,T,C,,,,,,
RFTN1,RFTN1,Secondary,rs6803931,3,16265607,C,T,,,,,,0.983778,rs6797562,3,16318183,C,T,,,,,,
RFTN1,RFTN1,Secondary,rs6803931,3,16265607,C,T,,,,,,0.983065,rs13320451,3,16319167,A,G,,,,,,
RFTN1,RFTN1,Secondary,rs6803931,3,16265607,C,T,,,,,,0.983065,rs11922434,3,16319556,G,C,,,,,,
RFTN1,RFTN1,Secondary,rs6803931,3,16265607,C,T,,,,,,0.982312,rs11922469,3,16319601,A,C,,,,,,
RFTN1,RFTN1,Secondary,rs6803931,3,16265607,C,T,,,,,,0.982255,rs62233918,3,16314208,T,C,,,,,,
RFTN1,RFTN1,Secondary,rs6803931,3,16265607,C,T,,,,,,0.981879,rs62233915,3,16312317,T,C,,,,,,
RFTN1,RFTN1,Secondary,rs6803931,3,16265607,C,T,,,,,,0.980621,rs6442593,3,16255420,A,G,,,,,,
RFTN1,RFTN1,Secondary,rs6803931,3,16265607,C,T,,,,,,0.980098,rs6442592,3,16252918,G,A,,,,,,
RFTN1,RFTN1,Secondary,rs6803931,3,16265607,C,T,,,,,,0.974992,rs6900,3,16315987,A,G,,,,,,
RFTN1,RFTN1,Secondary,rs6803931,3,16265607,C,T,,,,,,0.959216,rs59223456,3,16323339,T,C,,,,,,
RFTN1,RFTN1,Secondary,rs6803931,3,16265607,C,T,,,,,,0.959216,rs11554130,3,16323447,T,C,,,,,,
RFTN1,RFTN1,Secondary,rs6803931,3,16265607,C,T,,,,,,0.951847,rs55879039,3,16256423,C,T,,,,,,
RFTN1,RFTN1,Secondary,rs6803931,3,16265607,C,T,,,,,,0.95166,rs6790838,3,16256041,C,T,,,,,,
RFTN1,RFTN1,Secondary,rs6803931,3,16265607,C,T,,,,,,0.926573,rs6442591,3,16249260,T,C,,,,,,
RFTN1,RFTN1,Secondary,rs6803931,3,16265607,C,T,,,,,,0.922738,rs2063777,3,16248660,G,A,,,,,,
RFTN1,RFTN1,Secondary,rs6803931,3,16265607,C,T,,,,,,0.922685,rs2135227,3,16249224,T,G,,,,,,
RFTN1,RFTN1,Secondary,rs6803931,3,16265607,C,T,,,,,,0.918542,rs56354061,3,16272488,C,T,,,,,,
RFTN1,RFTN1,Secondary,rs6803931,3,16265607,C,T,,,,,,0.916237,rs62233888,3,16262146,A,C,,,,,,
RFTN1,RFTN1,Secondary,rs6803931,3,16265607,C,T,,,,,,0.863304,rs2280247,3,16317395,G,A,,,,,,
RFTN1,RFTN1,Secondary,,,,,,rs2280247,3,16317395,G,A,,,,,,,1,rs2280247,3,16317395,G,A
RFTN1,RFTN1,Secondary,,,,,,rs2280247,3,16317395,G,A,,,,,,,0.877759,rs9817227,3,16317729,T,C
RFTN1,RFTN1,Secondary,,,,,,rs2280247,3,16317395,G,A,,,,,,,0.877759,rs9817725,3,16318021,T,C
RFTN1,RFTN1,Secondary,,,,,,rs2280247,3,16317395,G,A,,,,,,,0.877759,rs6797562,3,16318183,C,T
RFTN1,RFTN1,Secondary,,,,,,rs2280247,3,16317395,G,A,,,,,,,0.873387,rs6795350,3,16314271,G,A
RFTN1,RFTN1,Secondary,,,,,,rs2280247,3,16317395,G,A,,,,,,,0.872598,rs13320451,3,16319167,A,G
RFTN1,RFTN1,Secondary,,,,,,rs2280247,3,16317395,G,A,,,,,,,0.872598,rs11922434,3,16319556,G,C
RFTN1,RFTN1,Secondary,,,,,,rs2280247,3,16317395,G,A,,,,,,,0.87236,rs62233913,3,16311452,T,A
RFTN1,RFTN1,Secondary,,,,,,rs2280247,3,16317395,G,A,,,,,,,0.87236,rs62233914,3,16311483,A,G
RFTN1,RFTN1,Secondary,,,,,,rs2280247,3,16317395,G,A,,,,,,,0.87236,rs28421777,3,16312033,T,G
RFTN1,RFTN1,Secondary,,,,,,rs2280247,3,16317395,G,A,,,,,,,0.87236,rs6767356,3,16312960,A,G
RFTN1,RFTN1,Secondary,,,,,,rs2280247,3,16317395,G,A,,,,,,,0.871975,rs11922469,3,16319601,A,C
RFTN1,RFTN1,Secondary,,,,,,rs2280247,3,16317395,G,A,,,,,,,0.871806,3:16308548:C:T,3,16308548,T,C
RFTN1,RFTN1,Secondary,,,,,,rs2280247,3,16317395,G,A,,,,,,,0.871535,rs6442595,3,16310686,G,A
RFTN1,RFTN1,Secondary,,,,,,rs2280247,3,16317395,G,A,,,,,,,0.870693,rs6442594,3,16285685,C,G
RFTN1,RFTN1,Secondary,,,,,,rs2280247,3,16317395,G,A,,,,,,,0.870561,rs56306506,3,16318318,T,C
RFTN1,RFTN1,Secondary,,,,,,rs2280247,3,16317395,G,A,,,,,,,0.870535,rs62233911,3,16283650,G,A
RFTN1,RFTN1,Secondary,,,,,,rs2280247,3,16317395,G,A,,,,,,,0.870508,rs7615129,3,16307913,T,C
RFTN1,RFTN1,Secondary,,,,,,rs2280247,3,16317395,G,A,,,,,,,0.869552,rs11926401,3,16277601,A,G
RFTN1,RFTN1,Secondary,,,,,,rs2280247,3,16317395,G,A,,,,,,,0.869552,rs6792868,3,16278222,G,A
RFTN1,RFTN1,Secondary,,,,,,rs2280247,3,16317395,G,A,,,,,,,0.868921,rs9830393,3,16278047,C,A
RFTN1,RFTN1,Secondary,,,,,,rs2280247,3,16317395,G,A,,,,,,,0.868737,rs11929469,3,16277081,G,T
RFTN1,RFTN1,Secondary,,,,,,rs2280247,3,16317395,G,A,,,,,,,0.868464,rs6804208,3,16268872,A,G
RFTN1,RFTN1,Secondary,,,,,,rs2280247,3,16317395,G,A,,,,,,,0.866044,rs59419439,3,16319293,G,A
RFTN1,RFTN1,Secondary,,,,,,rs2280247,3,16317395,G,A,,,,,,,0.865781,rs55977707,3,16318486,A,G
RFTN1,RFTN1,Secondary,,,,,,rs2280247,3,16317395,G,A,,,,,,,0.865488,rs62233916,3,16313641,G,A
RFTN1,RFTN1,Secondary,,,,,,rs2280247,3,16317395,G,A,,,,,,,0.865173,rs62233917,3,16314182,A,T
RFTN1,RFTN1,Secondary,,,,,,rs2280247,3,16317395,G,A,,,,,,,0.865026,rs2292614,3,16260284,A,G
RFTN1,RFTN1,Secondary,,,,,,rs2280247,3,16317395,G,A,,,,,,,0.865009,rs552,3,16260452,A,G
RFTN1,RFTN1,Secondary,,,,,,rs2280247,3,16317395,G,A,,,,,,,0.86361,rs6777976,3,16286402,T,C
RFTN1,RFTN1,Secondary,,,,,,rs2280247,3,16317395,G,A,,,,,,,0.863479,rs11925571,3,16277408,A,G
RFTN1,RFTN1,Secondary,,,,,,rs2280247,3,16317395,G,A,,,,,,,0.863304,rs6803931,3,16265607,C,T
RFTN1,RFTN1,Secondary,,,,,,rs2280247,3,16317395,G,A,,,,,,,0.863174,rs6797005,3,16272365,C,G
RFTN1,RFTN1,Secondary,,,,,,rs2280247,3,16317395,G,A,,,,,,,0.862702,rs6796483,3,16271813,A,G
RFTN1,RFTN1,Secondary,,,,,,rs2280247,3,16317395,G,A,,,,,,,0.859978,rs6900,3,16315987,A,G
RFTN1,RFTN1,Secondary,,,,,,rs2280247,3,16317395,G,A,,,,,,,0.857981,rs62233915,3,16312317,T,C
RFTN1,RFTN1,Secondary,,,,,,rs2280247,3,16317395,G,A,,,,,,,0.857358,rs62233918,3,16314208,T,C
RFTN1,RFTN1,Secondary,,,,,,rs2280247,3,16317395,G,A,,,,,,,0.856309,rs13316316,3,16294263,T,C
RFTN1,RFTN1,Secondary,,,,,,rs2280247,3,16317395,G,A,,,,,,,0.856212,rs28524788,3,16289050,C,T
RFTN1,RFTN1,Secondary,,,,,,rs2280247,3,16317395,G,A,,,,,,,0.856167,rs66732107,3,16294519,T,C
RFTN1,RFTN1,Secondary,,,,,,rs2280247,3,16317395,G,A,,,,,,,0.855243,rs58171469,3,16285003,C,T
RFTN1,RFTN1,Secondary,,,,,,rs2280247,3,16317395,G,A,,,,,,,0.855097,rs9813083,3,16280134,G,A
RFTN1,RFTN1,Secondary,,,,,,rs2280247,3,16317395,G,A,,,,,,,0.854765,rs6793891,3,16265727,A,G
RFTN1,RFTN1,Secondary,,,,,,rs2280247,3,16317395,G,A,,,,,,,0.854349,rs6442593,3,16255420,A,G
RFTN1,RFTN1,Secondary,,,,,,rs2280247,3,16317395,G,A,,,,,,,0.851845,rs28639712,3,16261777,A,C
RFTN1,RFTN1,Secondary,,,,,,rs2280247,3,16317395,G,A,,,,,,,0.848319,rs59223456,3,16323339,T,C
RFTN1,RFTN1,Secondary,,,,,,rs2280247,3,16317395,G,A,,,,,,,0.848319,rs11554130,3,16323447,T,C
RFTN1,RFTN1,Secondary,,,,,,rs2280247,3,16317395,G,A,,,,,,,0.846693,rs6442592,3,16252918,G,A
RFTN1,RFTN1,Secondary,,,,,,rs2280247,3,16317395,G,A,,,,,,,0.821874,rs55879039,3,16256423,C,T
RFTN1,RFTN1,Secondary,,,,,,rs2280247,3,16317395,G,A,,,,,,,0.821717,rs6790838,3,16256041,C,T
RFTN1,RFTN1,Secondary,,,,,,rs2280247,3,16317395,G,A,,,,,,,0.804211,rs6442591,3,16249260,T,C