g1.name,p1.uniprot_id,p2.uniprot_id,g2.name,g2.druggability_tier
NCK2,O43639,P54762,EPHB1,Tier 1
NCK2,O43639,P29323,EPHB2,Tier 1
NCK2,O43639,P54753,EPHB3,Tier 1
NCK2,O43639,P54760,EPHB4,Tier 1
NCK2,O43639,O15197,EPHB6,Tier 1
NCK2,O43639,Q15303,ERBB4,Tier 1
NCK2,O43639,P35916,FLT4,Tier 1
NCK2,O43639,P06241,FYN,Tier 1
NCK2,O43639,P14210,HGF,Tier 1
NCK2,O43639,P05019,IGF1,Tier 1
NCK2,O43639,P08069,IGF1R,Tier 1
NCK2,O43639,P06213,INSR,Tier 1
NCK2,O43639,P35968,KDR,Tier 1
NCK2,O43639,P06239,LCK,Tier 1
NCK2,O43639,Q15759,MAPK11,Tier 1
NCK2,O43639,P53778,MAPK12,Tier 1
NCK2,O43639,O15264,MAPK13,Tier 1
NCK2,O43639,Q16539,MAPK14,Tier 1
NCK2,O43639,P08581,MET,Tier 1
NCK2,O43639,Q13153,PAK1,Tier 1
NCK2,O43639,Q13177,PAK2,Tier 1
NCK2,O43639,O75914,PAK3,Tier 1
NCK2,O43639,O96013,PAK4,Tier 1
NCK2,O43639,Q9NQU5,PAK6,Tier 1
NCK2,O43639,Q9P286,PAK7,Tier 1
NCK2,O43639,P16234,PDGFRA,Tier 1
NCK2,O43639,P09619,PDGFRB,Tier 1
NCK2,O43639,P17612,PRKACA,Tier 1
NCK2,O43639,Q05397,PTK2,Tier 1
NCK2,O43639,P12931,SRC,Tier 1
NCK2,O43639,P15692,VEGFA,Tier 1
NCK2,O43639,P07947,YES1,Tier 1
NCK2,O43639,P60953,CDC42,Tier 2
NCK2,O43639,P49137,MAPKAPK2,Tier 2
NCK2,O43639,Q16644,MAPKAPK3,Tier 2
NCK2,O43639,P22694,PRKACB,Tier 2
NCK2,O43639,Q15768,EFNB3,Tier 3A
NCK2,O43639,P01308,INS,Tier 3A
NCK2,O43639,Q14114,LRP8,Tier 3A
NCK2,O43639,P01127,PDGFB,Tier 3A
NCK2,O43639,P78509,RELN,Tier 3A
NCK2,O43639,O75093,SLIT1,Tier 3A
NCK2,O43639,O94813,SLIT2,Tier 3A
NCK2,O43639,P98172,EFNB1,Tier 3B
NCK2,O43639,Q13418,ILK,Tier 3B
NCK2,O43639,P22612,PRKACG,Tier 3B
INPP5D,Q92835,P31749,AKT1,Tier 1
INPP5D,Q92835,P11274,BCR,Tier 1
INPP5D,Q92835,Q06187,BTK,Tier 1
INPP5D,Q92835,P40259,CD79B,Tier 1
INPP5D,Q92835,P04141,CSF2,Tier 1
INPP5D,Q92835,P15509,CSF2RA,Tier 1
INPP5D,Q92835,P41240,CSK,Tier 1
INPP5D,Q92835,P31994,FCGR2B,Tier 1
INPP5D,Q92835,P14210,HGF,Tier 1
INPP5D,Q92835,P01112,HRAS,Tier 1
INPP5D,Q92835,P60568,IL2,Tier 1
INPP5D,Q92835,P01589,IL2RA,Tier 1
INPP5D,Q92835,P14784,IL2RB,Tier 1
INPP5D,Q92835,P26951,IL3RA,Tier 1
INPP5D,Q92835,P05112,IL4,Tier 1
INPP5D,Q92835,P24394,IL4R,Tier 1
INPP5D,Q92835,P05113,IL5,Tier 1
INPP5D,Q92835,Q01344,IL5RA,Tier 1
INPP5D,Q92835,P06213,INSR,Tier 1
INPP5D,Q92835,P23458,JAK1,Tier 1
INPP5D,Q92835,O60674,JAK2,Tier 1
INPP5D,Q92835,P52333,JAK3,Tier 1
INPP5D,Q92835,P07948,LYN,Tier 1
INPP5D,Q92835,P08581,MET,Tier 1
INPP5D,Q92835,P42336,PIK3CA,Tier 1
INPP5D,Q92835,P42338,PIK3CB,Tier 1
INPP5D,Q92835,O00329,PIK3CD,Tier 1
INPP5D,Q92835,P48736,PIK3CG,Tier 1
INPP5D,Q92835,P05771,PRKCB,Tier 1
INPP5D,Q92835,P04049,RAF1,Tier 1
INPP5D,Q92835,O00443,PIK3C2A,Tier 2
INPP5D,Q92835,O00750,PIK3C2B,Tier 2
INPP5D,Q92835,O75747,PIK3C2G,Tier 2
INPP5D,Q92835,P27986,PIK3R1,Tier 2
INPP5D,Q92835,Q06124,PTPN11,Tier 2
INPP5D,Q92835,Q8TDQ1,CD300LF,Tier 3A
INPP5D,Q92835,P32927,CSF2RB,Tier 3A
INPP5D,Q92835,P12319,FCER1A,Tier 3A
INPP5D,Q92835,P08700,IL3,Tier 3A
INPP5D,Q92835,P01308,INS,Tier 3A
INPP5D,Q92835,P11912,CD79A,Tier 3B
INPP5D,Q92835,P31785,IL2RG,Tier 3B
HLA-DRB1,P01911,Q9NZQ7,CD274,Tier 1
HLA-DRB1,P01911,P10747,CD28,Tier 1
HLA-DRB1,P01911,P07766,CD3E,Tier 1
HLA-DRB1,P01911,P01730,CD4,Tier 1
HLA-DRB1,P01911,P16070,CD44,Tier 1
HLA-DRB1,P01911,P04233,CD74,Tier 1
HLA-DRB1,P01911,P33681,CD80,Tier 1
HLA-DRB1,P01911,P42081,CD86,Tier 1
HLA-DRB1,P01911,P41240,CSK,Tier 1
HLA-DRB1,P01911,P07858,CTSB,Tier 1
HLA-DRB1,P01911,P07339,CTSD,Tier 1
HLA-DRB1,P01911,P14091,CTSE,Tier 1
HLA-DRB1,P01911,P43235,CTSK,Tier 1
HLA-DRB1,P01911,P07711,CTSL,Tier 1
HLA-DRB1,P01911,P25774,CTSS,Tier 1
HLA-DRB1,P01911,O60911,CTSV,Tier 1
HLA-DRB1,P01911,P12314,FCGR1A,Tier 1
HLA-DRB1,P01911,P06241,FYN,Tier 1
HLA-DRB1,P01911,P04439,HLA-A,Tier 1
HLA-DRB1,P01911,P01903,HLA-DRA,Tier 1
HLA-DRB1,P01911,Q30154,HLA-DRB5,Tier 1
HLA-DRB1,P01911,P05362,ICAM1,Tier 1
HLA-DRB1,P01911,Q08881,ITK,Tier 1
HLA-DRB1,P01911,P52732,KIF11,Tier 1
HLA-DRB1,P01911,P06239,LCK,Tier 1
HLA-DRB1,P01911,Q92918,MAP4K1,Tier 1
HLA-DRB1,P01911,P13591,NCAM1,Tier 1
HLA-DRB1,P01911,Q15116,PDCD1,Tier 1
HLA-DRB1,P01911,Q9BQ51,PDCD1LG2,Tier 1
HLA-DRB1,P01911,P42336,PIK3CA,Tier 1
HLA-DRB1,P01911,P40967,PMEL,Tier 1
HLA-DRB1,P01911,Q04759,PRKCQ,Tier 1
HLA-DRB1,P01911,P25105,PTAFR,Tier 1
HLA-DRB1,P01911,P08575,PTPRC,Tier 1
HLA-DRB1,P01911,O00220,TNFRSF10A,Tier 1
HLA-DRB1,P01911,P43403,ZAP70,Tier 1
HLA-DRB1,P01911,P10619,CTSA,Tier 2
HLA-DRB1,P01911,P53634,CTSC,Tier 2
HLA-DRB1,P01911,Q9UBX1,CTSF,Tier 2
HLA-DRB1,P01911,P09668,CTSH,Tier 2
HLA-DRB1,P01911,Q06124,PTPN11,Tier 2
HLA-DRB1,P01911,Q9Y2R2,PTPN22,Tier 2
HLA-DRB1,P01911,P42226,STAT6,Tier 2
HLA-DRB1,P01911,P19320,VCAM1,Tier 2
HLA-DRB1,P01911,P52907,CAPZA1,Tier 3A
HLA-DRB1,P01911,P47755,CAPZA2,Tier 3A
HLA-DRB1,P01911,P20963,CD247,Tier 3A
HLA-DRB1,P01911,P01889,HLA-B,Tier 3A
HLA-DRB1,P01911,P10321,HLA-C,Tier 3A
HLA-DRB1,P01911,P13765,HLA-DOB,Tier 3A
HLA-DRB1,P01911,P20036,HLA-DPA1,Tier 3A
HLA-DRB1,P01911,P04440,HLA-DPB1,Tier 3A
HLA-DRB1,P01911,P01906,HLA-DQA2,Tier 3A
HLA-DRB1,P01911,P17693,HLA-G,Tier 3A
HLA-DRB1,P01911,P13284,IFI30,Tier 3A
HLA-DRB1,P01911,P01308,INS,Tier 3A
HLA-DRB1,P01911,P00973,OAS1,Tier 3A
HLA-DRB1,P01911,Q12913,PTPRJ,Tier 3A
HLA-DRB1,P01911,Q93038,TNFRSF25,Tier 3A
HLA-DRB1,P01911,P61769,B2M,Tier 3B
HLA-DRB1,P01911,P04234,CD3D,Tier 3B
HLA-DRB1,P01911,P09693,CD3G,Tier 3B
HLA-DRB1,P01911,P18627,LAG3,Tier 3B
HLA-DRB1,P01911,Q99538,LGMN,Tier 3B
TREM2,Q9NZC2,Q06187,BTK,Tier 1
TREM2,Q9NZC2,P20138,CD33,Tier 1
TREM2,Q9NZC2,P07333,CSF1R,Tier 1
TREM2,Q9NZC2,P06241,FYN,Tier 1
TREM2,Q9NZC2,P06239,LCK,Tier 1
TREM2,Q9NZC2,P42336,PIK3CA,Tier 1
TREM2,Q9NZC2,P42338,PIK3CB,Tier 1
TREM2,Q9NZC2,P49768,PSEN1,Tier 1
TREM2,Q9NZC2,P43405,SYK,Tier 1
TREM2,Q9NZC2,P27986,PIK3R1,Tier 2
TREM2,Q9NZC2,P16885,PLCG2,Tier 2
TREM2,Q9NZC2,O00206,TLR4,Tier 2
TREM2,Q9NZC2,P02649,APOE,Tier 3A
TREM2,Q9NZC2,P26717,KLRC2,Tier 3A
TREM2,Q9NZC2,P78324,SIRPA,Tier 3A
TREM2,Q9NZC2,Q9P1W8,SIRPG,Tier 3A
TREM2,Q9NZC2,Q9NP99,TREM1,Tier 3A
TREM2,Q9NZC2,P61769,B2M,Tier 3B
TREM2,Q9NZC2,P02745,C1QA,Tier 3B
TREM2,Q9NZC2,P02746,C1QB,Tier 3B
TREM2,Q9NZC2,P02747,C1QC,Tier 3B
TREM2,Q9NZC2,Q13241,KLRD1,Tier 3B
TREM1,Q9NP99,P21462,FPR1,Tier 2
TREM1,Q9NP99,O00206,TLR4,Tier 2
TREM1,Q9NP99,O60603,TLR2,Tier 3B
EGFR,P00533,Q2M2I8,AAK1,Tier 1
EGFR,P00533,P08183,ABCB1,Tier 1
EGFR,P00533,P78536,ADAM17,Tier 1
EGFR,P00533,P07550,ADRB2,Tier 1
EGFR,P00533,P25098,ADRBK1,Tier 1
EGFR,P00533,P30556,AGTR1,Tier 1
EGFR,P00533,Q15389,ANGPT1,Tier 1
EGFR,P00533,O15123,ANGPT2,Tier 1
EGFR,P00533,P04114,APOB,Tier 1
EGFR,P00533,P05067,APP,Tier 1
EGFR,P00533,P10275,AR,Tier 1
EGFR,P00533,P30518,AVPR2,Tier 1
EGFR,P00533,P51451,BLK,Tier 1
EGFR,P00533,Q16790,CA9,Tier 1
EGFR,P00533,Q14790,CASP8,Tier 1
EGFR,P00533,P14635,CCNB1,Tier 1
EGFR,P00533,P24385,CCND1,Tier 1
EGFR,P00533,Q9NZQ7,CD274,Tier 1
EGFR,P00533,P01730,CD4,Tier 1
EGFR,P00533,P16070,CD44,Tier 1
EGFR,P00533,P19022,CDH2,Tier 1
EGFR,P00533,P13569,CFTR,Tier 1
EGFR,P00533,P08172,CHRM2,Tier 1
EGFR,P00533,P09603,CSF1,Tier 1
EGFR,P00533,P04141,CSF2,Tier 1
EGFR,P00533,P41240,CSK,Tier 1
EGFR,P00533,P29279,CTGF,Tier 1
EGFR,P00533,P61073,CXCR4,Tier 1
EGFR,P00533,P25101,EDNRA,Tier 1
EGFR,P00533,P04626,ERBB2,Tier 1
EGFR,P00533,P21860,ERBB3,Tier 1
EGFR,P00533,Q15303,ERBB4,Tier 1
EGFR,P00533,O14944,EREG,Tier 1
EGFR,P00533,P03372,ESR1,Tier 1
EGFR,P00533,Q92731,ESR2,Tier 1
EGFR,P00533,P05230,FGF1,Tier 1
EGFR,P00533,O76093,FGF18,Tier 1
EGFR,P00533,P09038,FGF2,Tier 1
EGFR,P00533,P08620,FGF4,Tier 1
EGFR,P00533,P09769,FGR,Tier 1
EGFR,P00533,Q04609,FOLH1,Tier 1
EGFR,P00533,P06241,FYN,Tier 1
EGFR,P00533,O14976,GAK,Tier 1
EGFR,P00533,Q14956,GPNMB,Tier 1
EGFR,P00533,Q99075,HBEGF,Tier 1
EGFR,P00533,P08631,HCK,Tier 1
EGFR,P00533,P14210,HGF,Tier 1
EGFR,P00533,Q16665,HIF1A,Tier 1
EGFR,P00533,P01112,HRAS,Tier 1
EGFR,P00533,P07900,HSP90AA1,Tier 1
EGFR,P00533,P08238,HSP90AB1,Tier 1
EGFR,P00533,P04792,HSPB1,Tier 1
EGFR,P00533,P01562,IFNA1,Tier 1
EGFR,P00533,P01563,IFNA2,Tier 1
EGFR,P00533,P01579,IFNG,Tier 1
EGFR,P00533,P05019,IGF1,Tier 1
EGFR,P00533,P01344,IGF2,Tier 1
EGFR,P00533,P22301,IL10,Tier 1
EGFR,P00533,P35225,IL13,Tier 1
EGFR,P00533,P40933,IL15,Tier 1
EGFR,P00533,P60568,IL2,Tier 1
EGFR,P00533,P05112,IL4,Tier 1
EGFR,P00533,P05113,IL5,Tier 1
EGFR,P00533,P05231,IL6,Tier 1
EGFR,P00533,P10145,IL8,Tier 1
EGFR,P00533,P05556,ITGB1,Tier 1
EGFR,P00533,P23458,JAK1,Tier 1
EGFR,P00533,O60674,JAK2,Tier 1
EGFR,P00533,P52333,JAK3,Tier 1
EGFR,P00533,P25391,LAMA1,Tier 1
EGFR,P00533,P07942,LAMB1,Tier 1
EGFR,P00533,Q13753,LAMC2,Tier 1
EGFR,P00533,P06239,LCK,Tier 1
EGFR,P00533,Q96FE5,LINGO1,Tier 1
EGFR,P00533,Q92633,LPAR1,Tier 1
EGFR,P00533,Q9HBW0,LPAR2,Tier 1
EGFR,P00533,Q5S007,LRRK2,Tier 1
EGFR,P00533,P07948,LYN,Tier 1
EGFR,P00533,P28482,MAPK1,Tier 1
EGFR,P00533,Q16539,MAPK14,Tier 1
EGFR,P00533,P27361,MAPK3,Tier 1
EGFR,P00533,P42679,MATK,Tier 1
EGFR,P00533,Q00987,MDM2,Tier 1
EGFR,P00533,P08581,MET,Tier 1
EGFR,P00533,P50281,MMP14,Tier 1
EGFR,P00533,P08254,MMP3,Tier 1
EGFR,P00533,P09237,MMP7,Tier 1
EGFR,P00533,P14780,MMP9,Tier 1
EGFR,P00533,P42345,MTOR,Tier 1
EGFR,P00533,P15941,MUC1,Tier 1
EGFR,P00533,P13591,NCAM1,Tier 1
EGFR,P00533,P01138,NGF,Tier 1
EGFR,P00533,P40261,NNMT,Tier 1
EGFR,P00533,P46531,NOTCH1,Tier 1
EGFR,P00533,Q8NBP7,PCSK9,Tier 1
EGFR,P00533,P16234,PDGFRA,Tier 1
EGFR,P00533,P09619,PDGFRB,Tier 1
EGFR,P00533,P49763,PGF,Tier 1
EGFR,P00533,P06401,PGR,Tier 1
EGFR,P00533,P42336,PIK3CA,Tier 1
EGFR,P00533,P42338,PIK3CB,Tier 1
EGFR,P00533,O00329,PIK3CD,Tier 1
EGFR,P00533,P14618,PKM,Tier 1
EGFR,P00533,P37231,PPARG,Tier 1
EGFR,P00533,P17252,PRKCA,Tier 1
EGFR,P00533,P05771,PRKCB,Tier 1
EGFR,P00533,P35354,PTGS2,Tier 1
EGFR,P00533,Q05397,PTK2,Tier 1
EGFR,P00533,Q14289,PTK2B,Tier 1
EGFR,P00533,Q13882,PTK6,Tier 1
EGFR,P00533,P18827,SDC1,Tier 1
EGFR,P00533,P13866,SLC5A1,Tier 1
EGFR,P00533,P19634,SLC9A1,Tier 1
EGFR,P00533,P12931,SRC,Tier 1
EGFR,P00533,P40763,STAT3,Tier 1
EGFR,P00533,P25103,TACR1,Tier 1
EGFR,P00533,P02786,TFRC,Tier 1
EGFR,P00533,P01135,TGFA,Tier 1
EGFR,P00533,P01375,TNF,Tier 1
EGFR,P00533,P04637,TP53,Tier 1
EGFR,P00533,Q8NER1,TRPV1,Tier 1
EGFR,P00533,Q99816,TSG101,Tier 1
EGFR,P00533,P29597,TYK2,Tier 1
EGFR,P00533,P63027,VAMP2,Tier 1
EGFR,P00533,P15692,VEGFA,Tier 1
EGFR,P00533,P49765,VEGFB,Tier 1
EGFR,P00533,P07947,YES1,Tier 1
EGFR,P00533,P02768,ALB,Tier 2
EGFR,P00533,P15514,AREG,Tier 2
EGFR,P00533,P15514,AREGB,Tier 2
EGFR,P00533,P12644,BMP4,Tier 2
EGFR,P00533,P38398,BRCA1,Tier 2
EGFR,P00533,P42574,CASP3,Tier 2
EGFR,P00533,P30304,CDC25A,Tier 2
EGFR,P00533,P60953,CDC42,Tier 2
EGFR,P00533,P35222,CTNNB1,Tier 2
EGFR,P00533,P01100,FOS,Tier 2
EGFR,P00533,P04406,GAPDH,Tier 2
EGFR,P00533,P17936,IGFBP3,Tier 2
EGFR,P00533,P05412,JUN,Tier 2
EGFR,P00533,P01130,LDLR,Tier 2
EGFR,P00533,Q9UBY5,LPAR3,Tier 2
EGFR,P00533,O00443,PIK3C2A,Tier 2
EGFR,P00533,P27986,PIK3R1,Tier 2
EGFR,P00533,P00749,PLAU,Tier 2
EGFR,P00533,Q03405,PLAUR,Tier 2
EGFR,P00533,P16885,PLCG2,Tier 2
EGFR,P00533,O14939,PLD2,Tier 2
EGFR,P00533,P18031,PTPN1,Tier 2
EGFR,P00533,Q06124,PTPN11,Tier 2
EGFR,P00533,Q05209,PTPN12,Tier 2
EGFR,P00533,P17706,PTPN2,Tier 2
EGFR,P00533,P05121,SERPINE1,Tier 2
EGFR,P00533,Q16572,SLC18A3,Tier 2
EGFR,P00533,P42224,STAT1,Tier 2
EGFR,P00533,P42229,STAT5A,Tier 2
EGFR,P00533,P51692,STAT5B,Tier 2
EGFR,P00533,O00206,TLR4,Tier 2
EGFR,P00533,P04083,ANXA1,Tier 3A
EGFR,P00533,P23560,BDNF,Tier 3A
EGFR,P00533,P27701,CD82,Tier 3A
EGFR,P00533,P12830,CDH1,Tier 3A
EGFR,P00533,P26441,CNTF,Tier 3A
EGFR,P00533,P09919,CSF3,Tier 3A
EGFR,P00533,P48061,CXCL12,Tier 3A
EGFR,P00533,Q12805,EFEMP1,Tier 3A
EGFR,P00533,P20827,EFNA1,Tier 3A
EGFR,P00533,P52803,EFNA5,Tier 3A
EGFR,P00533,P01133,EGF,Tier 3A
EGFR,P00533,Q6UW88,EPGN,Tier 3A
EGFR,P00533,P01588,EPO,Tier 3A
EGFR,P00533,O15520,FGF10,Tier 3A
EGFR,P00533,O60258,FGF17,Tier 3A
EGFR,P00533,Q9NSA1,FGF21,Tier 3A
EGFR,P00533,P11487,FGF3,Tier 3A
EGFR,P00533,P12034,FGF5,Tier 3A
EGFR,P00533,P21781,FGF7,Tier 3A
EGFR,P00533,P31371,FGF9,Tier 3A
EGFR,P00533,P11717,IGF2R,Tier 3A
EGFR,P00533,P20809,IL11,Tier 3A
EGFR,P00533,P08700,IL3,Tier 3A
EGFR,P00533,P16871,IL7R,Tier 3A
EGFR,P00533,P01308,INS,Tier 3A
EGFR,P00533,P56199,ITGA1,Tier 3A
EGFR,P00533,P23229,ITGA6,Tier 3A
EGFR,P00533,P78504,JAG1,Tier 3A
EGFR,P00533,P21583,KITLG,Tier 3A
EGFR,P00533,P17931,LGALS3,Tier 3A
EGFR,P00533,P15018,LIF,Tier 3A
EGFR,P00533,P20645,M6PR,Tier 3A
EGFR,P00533,Q02297,NRG1,Tier 3A
EGFR,P00533,P56975,NRG3,Tier 3A
EGFR,P00533,Q8WWG1,NRG4,Tier 3A
EGFR,P00533,P01127,PDGFB,Tier 3A
EGFR,P00533,Q9NRA1,PDGFC,Tier 3A
EGFR,P00533,Q9GZP0,PDGFD,Tier 3A
EGFR,P00533,P01236,PRL,Tier 3A
EGFR,P00533,P23470,PTPRG,Tier 3A
EGFR,P00533,Q12913,PTPRJ,Tier 3A
EGFR,P00533,P02787,TF,Tier 3A
EGFR,P00533,P04155,TFF1,Tier 3A
EGFR,P00533,Q03403,TFF2,Tier 3A
EGFR,P00533,Q07654,TFF3,Tier 3A
EGFR,P00533,P41221,WNT5A,Tier 3A
EGFR,P00533,P07355,ANXA2,Tier 3B
EGFR,P00533,P01185,AVP,Tier 3B
EGFR,P00533,P35070,BTC,Tier 3B
EGFR,P00533,O43852,CALU,Tier 3B
EGFR,P00533,P04234,CD3D,Tier 3B
EGFR,P00533,P09693,CD3G,Tier 3B
EGFR,P00533,P33151,CDH5,Tier 3B
EGFR,P00533,P07585,DCN,Tier 3B
EGFR,P00533,P05305,EDN1,Tier 3B
EGFR,P00533,P52798,EFNA4,Tier 3B
EGFR,P00533,Q96RT1,ERBB2IP,Tier 3B
EGFR,P00533,O95750,FGF19,Tier 3B
EGFR,P00533,Q9NP95,FGF20,Tier 3B
EGFR,P00533,Q9HCT0,FGF22,Tier 3B
EGFR,P00533,P10767,FGF6,Tier 3B
EGFR,P00533,P55075,FGF8,Tier 3B
EGFR,P00533,O43915,FIGF,Tier 3B
EGFR,P00533,Q9ULV1,FZD4,Tier 3B
EGFR,P00533,P26006,ITGA3,Tier 3B
EGFR,P00533,P16144,ITGB4,Tier 3B
EGFR,P00533,Q9Y6Y0,IVNS1ABP,Tier 3B
EGFR,P00533,P32004,L1CAM,Tier 3B
EGFR,P00533,P41159,LEP,Tier 3B
EGFR,P00533,P28300,LOX,Tier 3B
EGFR,P00533,Q6UXM1,LRIG3,Tier 3B
EGFR,P00533,Q9UM47,NOTCH3,Tier 3B
EGFR,P00533,O14511,NRG2,Tier 3B
EGFR,P00533,P20783,NTF3,Tier 3B
EGFR,P00533,P13725,OSM,Tier 3B
EGFR,P00533,P04085,PDGFA,Tier 3B
EGFR,P00533,P51809,VAMP7,Tier 3B
EGFR,P00533,Q9BV40,VAMP8,Tier 3B
EGFR,P00533,P49767,VEGFC,Tier 3B
EGFR,P00533,P04628,WNT1,Tier 3B
CLU,P10909,P04114,APOB,Tier 1
CLU,P10909,P05067,APP,Tier 1
CLU,P10909,P01031,C5,Tier 1
CLU,P10909,P11597,CETP,Tier 1
CLU,P10909,P00746,CFD,Tier 1
CLU,P10909,P12259,F5,Tier 1
CLU,P10909,P00451,F8,Tier 1
CLU,P10909,P02671,FGA,Tier 1
CLU,P10909,P02675,FGB,Tier 1
CLU,P10909,P02679,FGG,Tier 1
CLU,P10909,P14210,HGF,Tier 1
CLU,P10909,P05019,IGF1,Tier 1
CLU,P10909,P01344,IGF2,Tier 1
CLU,P10909,P14780,MMP9,Tier 1
CLU,P10909,Q13093,PLA2G7,Tier 1
CLU,P10909,P00747,PLG,Tier 1
CLU,P10909,P27169,PON1,Tier 1
CLU,P10909,P01137,TGFB1,Tier 1
CLU,P10909,P61812,TGFB2,Tier 1
CLU,P10909,P10600,TGFB3,Tier 1
CLU,P10909,P02766,TTR,Tier 1
CLU,P10909,P15692,VEGFA,Tier 1
CLU,P10909,P49765,VEGFB,Tier 1
CLU,P10909,P04275,VWF,Tier 1
CLU,P10909,Q8IZY2,ABCA7,Tier 2
CLU,P10909,P02768,ALB,Tier 2
CLU,P10909,P00488,F13A1,Tier 2
CLU,P10909,P01130,LDLR,Tier 2
CLU,P10909,P05121,SERPINE1,Tier 2
CLU,P10909,P12814,ACTN1,Tier 3A
CLU,P10909,P02647,APOA1,Tier 3A
CLU,P10909,P06727,APOA4,Tier 3A
CLU,P10909,Q6Q788,APOA5,Tier 3A
CLU,P10909,P02654,APOC1,Tier 3A
CLU,P10909,P02655,APOC2,Tier 3A
CLU,P10909,P02656,APOC3,Tier 3A
CLU,P10909,P02649,APOE,Tier 3A
CLU,P10909,Q13790,APOF,Tier 3A
CLU,P10909,P02749,APOH,Tier 3A
CLU,P10909,O14791,APOL1,Tier 3A
CLU,P10909,O95445,APOM,Tier 3A
CLU,P10909,P13671,C6,Tier 3A
CLU,P10909,P07360,C8G,Tier 3A
CLU,P10909,P02748,C9,Tier 3A
CLU,P10909,P01133,EGF,Tier 3A
CLU,P10909,P00738,HP,Tier 3A
CLU,P10909,P04196,HRG,Tier 3A
CLU,P10909,P01042,KNG1,Tier 3A
CLU,P10909,P04180,LCAT,Tier 3A
CLU,P10909,P08519,LPA,Tier 3A
CLU,P10909,P02788,LTF,Tier 3A
CLU,P10909,Q13201,MMRN1,Tier 3A
CLU,P10909,P02763,ORM1,Tier 3A
CLU,P10909,P19652,ORM2,Tier 3A
CLU,P10909,Q8NBM8,PCYOX1L,Tier 3A
CLU,P10909,P01127,PDGFB,Tier 3A
CLU,P10909,P02776,PF4,Tier 3A
CLU,P10909,P55058,PLTP,Tier 3A
CLU,P10909,P02775,PPBP,Tier 3A
CLU,P10909,P0DJI8,SAA1,Tier 3A
CLU,P10909,P01009,SERPINA1,Tier 3A
CLU,P10909,P08697,SERPINF2,Tier 3A
CLU,P10909,P05155,SERPING1,Tier 3A
CLU,P10909,P07996,THBS1,Tier 3A
CLU,P10909,P62328,TMSB4X,Tier 3A
CLU,P10909,Q9BQE4,VIMP,Tier 3A
CLU,P10909,P04217,A1BG,Tier 3B
CLU,P10909,P01023,A2M,Tier 3B
CLU,P10909,P35609,ACTN2,Tier 3B
CLU,P10909,O43707,ACTN4,Tier 3B
CLU,P10909,P02765,AHSG,Tier 3B
CLU,P10909,P04075,ALDOA,Tier 3B
CLU,P10909,P02652,APOA2,Tier 3B
CLU,P10909,P10643,C7,Tier 3B
CLU,P10909,P07357,C8A,Tier 3B
CLU,P10909,P07358,C8B,Tier 3B
CLU,P10909,P15502,ELN,Tier 3B
CLU,P10909,O43915,FIGF,Tier 3B
CLU,P10909,Q14393,GAS6,Tier 3B
CLU,P10909,P00709,LALBA,Tier 3B
CLU,P10909,O00292,LEFTY2,Tier 3B
CLU,P10909,Q9UHG3,PCYOX1,Tier 3B
CLU,P10909,P07225,PROS1,Tier 3B
CLU,P10909,O00391,QSOX1,Tier 3B
CLU,P10909,P04279,SEMG1,Tier 3B
CLU,P10909,P09486,SPARC,Tier 3B
CLU,P10909,P10124,SRGN,Tier 3B
CLU,P10909,P01033,TIMP1,Tier 3B
CLU,P10909,P49767,VEGFC,Tier 3B
PTK2B,Q14289,P51451,BLK,Tier 1
PTK2B,Q14289,Q13554,CAMK2B,Tier 1
PTK2B,Q14289,P51681,CCR5,Tier 1
PTK2B,Q14289,P11230,CHRNB1,Tier 1
PTK2B,Q14289,P07510,CHRNG,Tier 1
PTK2B,Q14289,P00533,EGFR,Tier 1
PTK2B,Q14289,P22607,FGFR3,Tier 1
PTK2B,Q14289,P09769,FGR,Tier 1
PTK2B,Q14289,P06241,FYN,Tier 1
PTK2B,Q14289,P42261,GRIA1,Tier 1
PTK2B,Q14289,Q12879,GRIN2A,Tier 1
PTK2B,Q14289,Q13224,GRIN2B,Tier 1
PTK2B,Q14289,P49841,GSK3B,Tier 1
PTK2B,Q14289,P08631,HCK,Tier 1
PTK2B,Q14289,P07900,HSP90AA1,Tier 1
PTK2B,Q14289,P60568,IL2,Tier 1
PTK2B,Q14289,P01589,IL2RA,Tier 1
PTK2B,Q14289,P14784,IL2RB,Tier 1
PTK2B,Q14289,P08514,ITGA2B,Tier 1
PTK2B,Q14289,P13612,ITGA4,Tier 1
PTK2B,Q14289,P20701,ITGAL,Tier 1
PTK2B,Q14289,P06756,ITGAV,Tier 1
PTK2B,Q14289,P05556,ITGB1,Tier 1
PTK2B,Q14289,P05107,ITGB2,Tier 1
PTK2B,Q14289,P05106,ITGB3,Tier 1
PTK2B,Q14289,P23458,JAK1,Tier 1
PTK2B,Q14289,P52333,JAK3,Tier 1
PTK2B,Q14289,P35968,KDR,Tier 1
PTK2B,Q14289,P06239,LCK,Tier 1
PTK2B,Q14289,Q92633,LPAR1,Tier 1
PTK2B,Q14289,Q9HBW0,LPAR2,Tier 1
PTK2B,Q14289,P07948,LYN,Tier 1
PTK2B,Q14289,P46734,MAP2K3,Tier 1
PTK2B,Q14289,Q16539,MAPK14,Tier 1
PTK2B,Q14289,P45983,MAPK8,Tier 1
PTK2B,Q14289,O15146,MUSK,Tier 1
PTK2B,Q14289,P17252,PRKCA,Tier 1
PTK2B,Q14289,P05771,PRKCB,Tier 1
PTK2B,Q14289,Q05655,PRKCD,Tier 1
PTK2B,Q14289,Q02156,PRKCE,Tier 1
PTK2B,Q14289,P05129,PRKCG,Tier 1
PTK2B,Q14289,P24723,PRKCH,Tier 1
PTK2B,Q14289,Q04759,PRKCQ,Tier 1
PTK2B,Q14289,Q05397,PTK2,Tier 1
PTK2B,Q14289,Q13464,ROCK1,Tier 1
PTK2B,Q14289,O75116,ROCK2,Tier 1
PTK2B,Q14289,P10451,SPP1,Tier 1
PTK2B,Q14289,P12931,SRC,Tier 1
PTK2B,Q14289,P43405,SYK,Tier 1
PTK2B,Q14289,P15692,VEGFA,Tier 1
PTK2B,Q14289,P07947,YES1,Tier 1
PTK2B,Q14289,Q9UBF8,PI4KB,Tier 2
PTK2B,Q14289,Q06124,PTPN11,Tier 2
PTK2B,Q14289,Q05209,PTPN12,Tier 2
PTK2B,Q14289,P51692,STAT5B,Tier 2
PTK2B,Q14289,P19320,VCAM1,Tier 2
PTK2B,Q14289,O00468,AGRN,Tier 3A
PTK2B,Q14289,P06396,GSN,Tier 3A
PTK2B,Q14289,P78324,SIRPA,Tier 3A
PTK2B,Q14289,Q08722,CD47,Tier 3B
PTK2B,Q14289,Q9GZV9,FGF23,Tier 3B
PTK2B,Q14289,P31785,IL2RG,Tier 3B
PTK2B,Q14289,P18206,VCL,Tier 3B
TSPAN14,Q8NG11,O14672,ADAM10,Tier 1
TSPAN14,Q8NG11,P20138,CD33,Tier 1
TSPAN14,Q8NG11,P40198,CEACAM3,Tier 1
TSPAN14,Q8NG11,P30926,CHRNB4,Tier 1
TSPAN14,Q8NG11,P10253,GAA,Tier 1
TSPAN14,Q8NG11,P20701,ITGAL,Tier 1
TSPAN14,Q8NG11,P06756,ITGAV,Tier 1
TSPAN14,Q8NG11,P05107,ITGB2,Tier 1
TSPAN14,Q8NG11,O43451,MGAM,Tier 1
TSPAN14,Q8NG11,P51575,P2RX1,Tier 1
TSPAN14,Q8NG11,Q13393,PLD1,Tier 1
TSPAN14,Q8NG11,P25105,PTAFR,Tier 1
TSPAN14,Q8NG11,P22732,SLC2A5,Tier 1
TSPAN14,Q8NG11,Q6ZQN7,SLCO4C1,Tier 1
TSPAN14,Q8NG11,P60880,SNAP25,Tier 1
TSPAN14,Q8NG11,O94804,STK10,Tier 1
TSPAN14,Q8NG11,P78325,ADAM8,Tier 2
TSPAN14,Q8NG11,O15120,AGPAT2,Tier 2
TSPAN14,Q8NG11,Q16581,C3AR1,Tier 2
TSPAN14,Q8NG11,P04839,CYBB,Tier 2
TSPAN14,Q8NG11,O75907,DGAT1,Tier 2
TSPAN14,Q8NG11,P25090,FPR2,Tier 2
TSPAN14,Q8NG11,Q9NPA2,MMP25,Tier 2
TSPAN14,Q8NG11,P00749,PLAU,Tier 2
TSPAN14,Q8NG11,Q03405,PLAUR,Tier 2
TSPAN14,Q8NG11,P23467,PTPRB,Tier 2
TSPAN14,Q8NG11,O00161,SNAP23,Tier 2
TSPAN14,Q8NG11,Q10588,BST1,Tier 3A
TSPAN14,Q8NG11,P16671,CD36,Tier 3A
TSPAN14,Q8NG11,P19397,CD53,Tier 3A
TSPAN14,Q8NG11,Q9NPY3,CD93,Tier 3A
TSPAN14,Q8NG11,P24071,FCAR,Tier 3A
TSPAN14,Q8NG11,P11215,ITGAM,Tier 3A
TSPAN14,Q8NG11,P20702,ITGAX,Tier 3A
TSPAN14,Q8NG11,Q8N423,LILRB2,Tier 3A
TSPAN14,Q8NG11,Q12913,PTPRJ,Tier 3A
TSPAN14,Q8NG11,P78324,SIRPA,Tier 3A
TSPAN14,Q8NG11,P43353,ALDH3B1,Tier 3B
TSPAN14,Q8NG11,O75787,ATP6AP2,Tier 3B
TSPAN14,Q8NG11,Q8N6Q3,CD177,Tier 3B
TSPAN14,Q8NG11,Q9UGN4,CD300A,Tier 3B
TSPAN14,Q8NG11,Q08722,CD47,Tier 3B
TSPAN14,Q8NG11,P13987,CD59,Tier 3B
TSPAN14,Q8NG11,P13688,CEACAM1,Tier 3B
TSPAN14,Q8NG11,P31997,CEACAM8,Tier 3B
TSPAN14,Q8NG11,Q8WTT0,CLEC4C,Tier 3B
TSPAN14,Q8NG11,Q9NQS5,GPR84,Tier 3B
TSPAN14,Q8NG11,Q86Y34,GPR97,Tier 3B
TSPAN14,Q8NG11,Q6GTX8,LAIR1,Tier 3B
TSPAN14,Q8NG11,P78380,OLR1,Tier 3B
TSPAN14,Q8NG11,P35237,SERPINB6,Tier 3B
TSPAN14,Q8NG11,P20333,TNFRSF1B,Tier 3B
TSPAN14,Q8NG11,O94759,TRPM2,Tier 3B
TSPAN14,Q8NG11,Q9BV40,VAMP8,Tier 3B
SORL1,Q92673,P05067,APP,Tier 1
SORL1,Q92673,P56817,BACE1,Tier 1
SORL1,Q92673,P49768,PSEN1,Tier 1
SORL1,Q92673,Q8IZY2,ABCA7,Tier 2
SORL1,Q92673,P06858,LPL,Tier 2
SORL1,Q92673,Q6Q788,APOA5,Tier 3A
SORL1,Q92673,P02649,APOE,Tier 3A
SORL1,Q92673,P10909,CLU,Tier 3A
SORL1,Q92673,P09958,FURIN,Tier 3A
SLC24A4,Q8NFF2,Q13751,LAMB3,Tier 1
SLC24A4,Q8NFF2,Q8NHX9,TPCN2,Tier 3B
ZNF19,P17023,Q9NPH5,NOX4,Tier 2
HP,P00738,P04114,APOB,Tier 1
HP,P00738,P05067,APP,Tier 1
HP,P00738,P32320,CDA,Tier 1
HP,P00738,P11597,CETP,Tier 1
HP,P00738,P07339,CTSD,Tier 1
HP,P00738,P25774,CTSS,Tier 1
HP,P00738,P08246,ELANE,Tier 1
HP,P00738,P42685,FRK,Tier 1
HP,P00738,P02774,GC,Tier 1
HP,P00738,P05231,IL6,Tier 1
HP,P00738,P09960,LTA4H,Tier 1
HP,P00738,P22894,MMP8,Tier 1
HP,P00738,P14780,MMP9,Tier 1
HP,P00738,P19838,NFKB1,Tier 1
HP,P00738,Q13093,PLA2G7,Tier 1
HP,P00738,P27169,PON1,Tier 1
HP,P00738,P02766,TTR,Tier 1
HP,P00738,P02768,ALB,Tier 2
HP,P00738,P19801,AOC1,Tier 2
HP,P00738,P09668,CTSH,Tier 2
HP,P00738,Q9UBR2,CTSZ,Tier 2
HP,P00738,Q92820,GGH,Tier 2
HP,P00738,P68871,HBB,Tier 2
HP,P00738,Q9Y251,HPSE,Tier 2
HP,P00738,P35030,PRSS3,Tier 2
HP,P00738,Q16769,QPCT,Tier 2
HP,P00738,Q76LX8,ADAMTS13,Tier 3A
HP,P00738,P02647,APOA1,Tier 3A
HP,P00738,P06727,APOA4,Tier 3A
HP,P00738,Q6Q788,APOA5,Tier 3A
HP,P00738,P02654,APOC1,Tier 3A
HP,P00738,P02655,APOC2,Tier 3A
HP,P00738,P02656,APOC3,Tier 3A
HP,P00738,P02649,APOE,Tier 3A
HP,P00738,Q13790,APOF,Tier 3A
HP,P00738,P02749,APOH,Tier 3A
HP,P00738,O14791,APOL1,Tier 3A
HP,P00738,O95445,APOM,Tier 3A
HP,P00738,P17213,BPI,Tier 3A
HP,P00738,P01024,C3,Tier 3A
HP,P00738,P36222,CHI3L1,Tier 3A
HP,P00738,Q13231,CHIT1,Tier 3A
HP,P00738,P10909,CLU,Tier 3A
HP,P00738,P00450,CP,Tier 3A
HP,P00738,P02741,CRP,Tier 3A
HP,P00738,P01034,CST3,Tier 3A
HP,P00738,P12838,DEFA4,Tier 3A
HP,P00738,Q9BS26,ERP44,Tier 3A
HP,P00738,Q14624,ITIH4,Tier 3A
HP,P00738,P18428,LBP,Tier 3A
HP,P00738,P04180,LCAT,Tier 3A
HP,P00738,P08519,LPA,Tier 3A
HP,P00738,P02788,LTF,Tier 3A
HP,P00738,Q99519,NEU1,Tier 3A
HP,P00738,P02763,ORM1,Tier 3A
HP,P00738,P19652,ORM2,Tier 3A
HP,P00738,P55058,PLTP,Tier 3A
HP,P00738,P02775,PPBP,Tier 3A
HP,P00738,Q9HD89,RETN,Tier 3A
HP,P00738,P0DJI8,SAA1,Tier 3A
HP,P00738,P0DJI9,SAA2,Tier 3A
HP,P00738,P35542,SAA4,Tier 3A
HP,P00738,P01009,SERPINA1,Tier 3A
HP,P00738,P01011,SERPINA3,Tier 3A
HP,P00738,P20061,TCN1,Tier 3A
HP,P00738,P02787,TF,Tier 3A
HP,P00738,P16035,TIMP2,Tier 3A
HP,P00738,P98066,TNFAIP6,Tier 3A
HP,P00738,Q9BQE4,VIMP,Tier 3A
HP,P00738,P01023,A2M,Tier 3B
HP,P00738,P02765,AHSG,Tier 3B
HP,P00738,P04075,ALDOA,Tier 3B
HP,P00738,P02652,APOA2,Tier 3B
HP,P00738,P61769,B2M,Tier 3B
HP,P00738,P49913,CAMP,Tier 3B
HP,P00738,Q86VB7,CD163,Tier 3B
HP,P00738,P27918,CFP,Tier 3B
HP,P00738,P54108,CRISP3,Tier 3B
HP,P00738,P09341,CXCL1,Tier 3B
HP,P00738,P41439,FOLR3,Tier 3B
HP,P00738,P02790,HPX,Tier 3B
HP,P00738,P80188,LCN2,Tier 3B
HP,P00738,P02750,LRG1,Tier 3B
HP,P00738,P61626,LYZ,Tier 3B
HP,P00738,Q6UX06,OLFM4,Tier 3B
HP,P00738,Q9UHG3,PCYOX1,Tier 3B
HP,P00738,O75594,PGLYRP1,Tier 3B
HP,P00738,P26022,PTX3,Tier 3B
HP,P00738,O00391,QSOX1,Tier 3B
HP,P00738,P03973,SLPI,Tier 3B
HP,P00738,P18206,VCL,Tier 3B
RBCK1,Q9BYM8,Q13490,BIRC2,Tier 1
RBCK1,Q9BYM8,Q13489,BIRC3,Tier 1
RBCK1,Q9BYM8,O15111,CHUK,Tier 1
RBCK1,Q9BYM8,O14920,IKBKB,Tier 1
RBCK1,Q9BYM8,Q14145,KEAP1,Tier 1
RBCK1,Q9BYM8,P24723,PRKCH,Tier 1
RBCK1,Q9BYM8,Q13546,RIPK1,Tier 1
RBCK1,Q9BYM8,O43353,RIPK2,Tier 1
RBCK1,Q9BYM8,P01375,TNF,Tier 1
RBCK1,Q9BYM8,P19438,TNFRSF1A,Tier 1
RBCK1,Q9BYM8,P98170,XIAP,Tier 1
RBCK1,Q9BYM8,Q9Y6K9,IKBKG,Tier 2
RBCK1,Q9BYM8,A0AVT1,UBA6,Tier 2
RBCK1,Q9BYM8,P61088,UBE2N,Tier 2
RBCK1,Q9BYM8,O75604,USP2,Tier 2
RBCK1,Q9BYM8,Q9H2C0,GAN,Tier 3B
RBCK1,Q9BYM8,Q86V97,KBTBD6,Tier 3B
RBCK1,Q9BYM8,Q8WVZ9,KBTBD7,Tier 3B
RBCK1,Q9BYM8,Q8NFY9,KBTBD8,Tier 3B
RBCK1,Q9BYM8,Q9P2N7,KLHL13,Tier 3B
RBCK1,Q9BYM8,O95198,KLHL2,Tier 3B
RBCK1,Q9BYM8,Q9Y2M5,KLHL20,Tier 3B
RBCK1,Q9BYM8,Q9UJP4,KLHL21,Tier 3B
RBCK1,Q9BYM8,Q53GT1,KLHL22,Tier 3B
RBCK1,Q9BYM8,Q9H0H3,KLHL25,Tier 3B
RBCK1,Q9BYM8,Q9UH77,KLHL3,Tier 3B
RBCK1,Q9BYM8,Q96PQ7,KLHL5,Tier 3B
RBCK1,Q9BYM8,Q9P2J3,KLHL9,Tier 3B
RBCK1,Q9BYM8,O15455,TLR3,Tier 3B
FCGR3B,O75015,P06729,CD2,Tier 1
FCGR3B,O75015,P10747,CD28,Tier 1
FCGR3B,O75015,P31358,CD52,Tier 1
FCGR3B,O75015,P06731,CEACAM5,Tier 1
FCGR3B,O75015,Q13421,MSLN,Tier 1
FCGR3B,O75015,P42336,PIK3CA,Tier 1
FCGR3B,O75015,O43653,PSCA,Tier 1
FCGR3B,O75015,P43405,SYK,Tier 1
FCGR3B,O75015,P09923,ALPI,Tier 2
FCGR3B,O75015,P05186,ALPL,Tier 2
FCGR3B,O75015,P10696,ALPPL2,Tier 2
FCGR3B,O75015,P14384,CPM,Tier 2
FCGR3B,O75015,P27986,PIK3R1,Tier 2
FCGR3B,O75015,O43895,XPNPEP2,Tier 2
FCGR3B,O75015,Q10588,BST1,Tier 3A
FCGR3B,O75015,P20963,CD247,Tier 3A
FCGR3B,O75015,Q8IWV2,CNTN4,Tier 3A
FCGR3B,O75015,P08637,FCGR3A,Tier 3A
FCGR3B,O75015,P55259,GP2,Tier 3A
FCGR3B,O75015,P80108,GPLD1,Tier 3A
FCGR3B,O75015,P59901,LILRA4,Tier 3A
FCGR3B,O75015,A6NI73,LILRA5,Tier 3A
FCGR3B,O75015,Q6PI73,LILRA6,Tier 3A
FCGR3B,O75015,Q8N423,LILRB2,Tier 3A
FCGR3B,O75015,O75023,LILRB5,Tier 3A
FCGR3B,O75015,Q17RY6,LY6K,Tier 3A
FCGR3B,O75015,Q7Z3B1,NEGR1,Tier 3A
FCGR3B,O75015,Q9P121,NTM,Tier 3A
FCGR3B,O75015,Q9Y2I2,NTNG1,Tier 3A
FCGR3B,O75015,Q14982,OPCML,Tier 3A
FCGR3B,O75015,Q9BZM5,ULBP2,Tier 3A
FCGR3B,O75015,Q93070,ART4,Tier 3B
FCGR3B,O75015,Q6YHK3,CD109,Tier 3B
FCGR3B,O75015,P09564,CD7,Tier 3B
FCGR3B,O75015,Q14002,CEACAM7,Tier 3B
FCGR3B,O75015,P14207,FOLR2,Tier 3B
FCGR3B,O75015,Q8IV16,GPIHBP1,Tier 3B
FCGR3B,O75015,O75019,LILRA1,Tier 3B
FCGR3B,O75015,Q8N149,LILRA2,Tier 3B
FCGR3B,O75015,Q8NHL6,LILRB1,Tier 3B
FCGR3B,O75015,Q8NHJ6,LILRB4,Tier 3B
FCGR3B,O75015,Q14210,LY6D,Tier 3B
FCGR3B,O75015,Q6UWN5,LYPD5,Tier 3B
FCGR3B,O75015,P08582,MFI2,Tier 3B
FCGR3B,O75015,Q7RTW8,OTOA,Tier 3B
FCGR3B,O75015,Q6H3X3,RAET1G,Tier 3B
FCGR3B,O75015,Q86UN2,RTN4RL1,Tier 3B
FCGR3B,O75015,O75443,TECTA,Tier 3B
FCGR3B,O75015,Q96PL2,TECTB,Tier 3B
FCGR3B,O75015,Q9BY14,TEX101,Tier 3B
FCGR3B,O75015,P04216,THY1,Tier 3B
NDUFS2,O75306,O00483,NDUFA4,Tier 2
NDUFS2,O75306,P09622,DLD,Tier 3A
NDUFS2,O75306,Q15063,POSTN,Tier 3B
NDUFS2,O75306,Q15582,TGFBI,Tier 3B
FCER1G,P30273,O14672,ADAM10,Tier 1
FCER1G,P30273,Q06187,BTK,Tier 1
FCER1G,P30273,P08571,CD14,Tier 1
FCER1G,P30273,P20138,CD33,Tier 1
FCER1G,P30273,P30926,CHRNB4,Tier 1
FCER1G,P30273,P07333,CSF1R,Tier 1
FCER1G,P30273,P12314,FCGR1A,Tier 1
FCER1G,P30273,P31994,FCGR2B,Tier 1
FCER1G,P30273,P16591,FER,Tier 1
FCER1G,P30273,P06241,FYN,Tier 1
FCER1G,P30273,P10253,GAA,Tier 1
FCER1G,P30273,P08631,HCK,Tier 1
FCER1G,P30273,P05107,ITGB2,Tier 1
FCER1G,P30273,Q08881,ITK,Tier 1
FCER1G,P30273,P07948,LYN,Tier 1
FCER1G,P30273,O43451,MGAM,Tier 1
FCER1G,P30273,P42336,PIK3CA,Tier 1
FCER1G,P30273,P42338,PIK3CB,Tier 1
FCER1G,P30273,O00329,PIK3CD,Tier 1
FCER1G,P30273,P48736,PIK3CG,Tier 1
FCER1G,P30273,P47712,PLA2G4A,Tier 1
FCER1G,P30273,Q13393,PLD1,Tier 1
FCER1G,P30273,P25105,PTAFR,Tier 1
FCER1G,P30273,Q05397,PTK2,Tier 1
FCER1G,P30273,P04049,RAF1,Tier 1
FCER1G,P30273,P60880,SNAP25,Tier 1
FCER1G,P30273,P43405,SYK,Tier 1
FCER1G,P30273,P43403,ZAP70,Tier 1
FCER1G,P30273,P78325,ADAM8,Tier 2
FCER1G,P30273,Q16581,C3AR1,Tier 2
FCER1G,P30273,P04839,CYBB,Tier 2
FCER1G,P30273,P01100,FOS,Tier 2
FCER1G,P30273,P25090,FPR2,Tier 2
FCER1G,P30273,P05412,JUN,Tier 2
FCER1G,P30273,P27986,PIK3R1,Tier 2
FCER1G,P30273,P00749,PLAU,Tier 2
FCER1G,P30273,P16885,PLCG2,Tier 2
FCER1G,P30273,O14939,PLD2,Tier 2
FCER1G,P30273,Q06124,PTPN11,Tier 2
FCER1G,P30273,P23467,PTPRB,Tier 2
FCER1G,P30273,O00161,SNAP23,Tier 2
FCER1G,P30273,Q9NYA1,SPHK1,Tier 2
FCER1G,P30273,O95866,C6orf25,Tier 3A
FCER1G,P30273,P19397,CD53,Tier 3A
FCER1G,P30273,Q9NPY3,CD93,Tier 3A
FCER1G,P30273,P24071,FCAR,Tier 3A
FCER1G,P30273,P12319,FCER1A,Tier 3A
FCER1G,P30273,P12318,FCGR2A,Tier 3A
FCER1G,P30273,P08637,FCGR3A,Tier 3A
FCER1G,P30273,P11215,ITGAM,Tier 3A
FCER1G,P30273,P20702,ITGAX,Tier 3A
FCER1G,P30273,Q8N423,LILRB2,Tier 3A
FCER1G,P30273,O76036,NCR1,Tier 3A
FCER1G,P30273,O14931,NCR3,Tier 3A
FCER1G,P30273,Q93091,RNASE6,Tier 3A
FCER1G,P30273,P78324,SIRPA,Tier 3A
FCER1G,P30273,O75787,ATP6AP2,Tier 3B
FCER1G,P30273,P02745,C1QA,Tier 3B
FCER1G,P30273,P02746,C1QB,Tier 3B
FCER1G,P30273,Q8N6Q3,CD177,Tier 3B
FCER1G,P30273,Q9UGN4,CD300A,Tier 3B
FCER1G,P30273,Q08722,CD47,Tier 3B
FCER1G,P30273,P13987,CD59,Tier 3B
FCER1G,P30273,P13688,CEACAM1,Tier 3B
FCER1G,P30273,P31997,CEACAM8,Tier 3B
FCER1G,P30273,Q8WTT0,CLEC4C,Tier 3B
FCER1G,P30273,O75015,FCGR3B,Tier 3B
FCER1G,P30273,Q9NQS5,GPR84,Tier 3B
FCER1G,P30273,B9A064,IGLL5,Tier 3B
FCER1G,P30273,Q6GTX8,LAIR1,Tier 3B
FCER1G,P30273,P78380,OLR1,Tier 3B
FCER1G,P30273,P35237,SERPINB6,Tier 3B
FCER1G,P30273,O94759,TRPM2,Tier 3B
FCER1G,P30273,Q9BV40,VAMP8,Tier 3B
B4GALT3,O60512,P15291,B4GALT1,Tier 3A
B4GALT3,O60512,O60938,KERA,Tier 3A
B4GALT3,O60512,P51884,LUM,Tier 3A
B4GALT3,O60512,P51888,PRELP,Tier 3A
B4GALT3,O60512,P15907,ST6GAL1,Tier 3A
B4GALT3,O60512,Q06828,FMOD,Tier 3B
B4GALT3,O60512,P20774,OGN,Tier 3B
B4GALT3,O60512,Q99983,OMD,Tier 3B
CD84,Q9UIB8,P09326,CD48,Tier 3A
CPSF3,Q9UKF6,O43172,PRPF4,Tier 1
CPSF3,Q9UKF6,Q15393,SF3B3,Tier 1
CPSF3,Q9UKF6,Q15717,ELAVL1,Tier 2
CPSF3,Q9UKF6,P09651,HNRNPA1,Tier 2
CPSF3,Q9UKF6,Q9UNP9,PPIE,Tier 2
CPSF3,Q9UKF6,O43447,PPIH,Tier 2
CPSF3,Q9UKF6,Q9Y3C6,PPIL1,Tier 2
CPSF3,Q9UKF6,P62136,PPP1CA,Tier 2
CPSF3,Q9UKF6,P26599,PTBP1,Tier 2
CPSF3,Q9UKF6,P49792,RANBP2,Tier 2
CPSF3,Q9UKF6,Q15029,EFTUD2,Tier 3A
CPSF3,Q9UKF6,Q8TEM1,NUP210,Tier 3B
CPSF3,Q9UKF6,P37198,NUP62,Tier 3B
CPSF3,Q9UKF6,Q8WUA2,PPIL4,Tier 3B
CPSF3,Q9UKF6,Q8IXY8,PPIL6,Tier 3B
CPSF3,Q9UKF6,Q96BP3,PPWD1,Tier 3B
CPSF3,Q9UKF6,P38159,RBMX,Tier 3B
CPSF3,Q9UKF6,P67809,YBX1,Tier 3B
RAPGEF2,Q9Y4G8,P01112,HRAS,Tier 1
RAPGEF2,Q9Y4G8,P35222,CTNNB1,Tier 2
CDK14,O94921,P20248,CCNA2,Tier 1
CDK14,O94921,P14635,CCNB1,Tier 1
CDK14,O94921,P24385,CCND1,Tier 1
CDK14,O94921,P30279,CCND2,Tier 1
CDK14,O94921,P30281,CCND3,Tier 1
CDK14,O94921,P24864,CCNE1,Tier 1
CDK14,O94921,O60563,CCNT1,Tier 1
CDK14,O94921,P06493,CDK1,Tier 1
CDK14,O94921,Q14004,CDK13,Tier 1
CDK14,O94921,P24941,CDK2,Tier 1
CDK14,O94921,P11802,CDK4,Tier 1
CDK14,O94921,Q00534,CDK6,Tier 1
CDK14,O94921,P50613,CDK7,Tier 1
CDK14,O94921,P50750,CDK9,Tier 1
CDK14,O94921,P51946,CCNH,Tier 2
CDK14,O94921,P38936,CDKN1A,Tier 2
CDK14,O94921,Q9NYV4,CDK12,Tier 3B
SH2B2,O14492,P06241,FYN,Tier 1
SH2B2,O14492,P06213,INSR,Tier 1
SH2B2,O14492,O60674,JAK2,Tier 1
SH2B2,O14492,P10721,KIT,Tier 1
SH2B2,O14492,P06239,LCK,Tier 1
SH2B2,O14492,P07948,LYN,Tier 1
SH2B2,O14492,P04629,NTRK1,Tier 1
SH2B2,O14492,Q16620,NTRK2,Tier 1
SH2B2,O14492,Q16288,NTRK3,Tier 1
SH2B2,O14492,P07947,YES1,Tier 1
SH2B2,O14492,P01308,INS,Tier 3A
SH2B2,O14492,P21583,KITLG,Tier 3A
RELN,P78509,P00519,ABL1,Tier 1
RELN,P78509,P31749,AKT1,Tier 1
RELN,P78509,P05067,APP,Tier 1
RELN,P78509,P26358,DNMT1,Tier 1
RELN,P78509,P06241,FYN,Tier 1
RELN,P78509,Q12879,GRIN2A,Tier 1
RELN,P78509,Q13224,GRIN2B,Tier 1
RELN,P78509,P05556,ITGB1,Tier 1
RELN,P78509,O14733,MAP2K7,Tier 1
RELN,P78509,Q16584,MAP3K11,Tier 1
RELN,P78509,P45983,MAPK8,Tier 1
RELN,P78509,P42336,PIK3CA,Tier 1
RELN,P78509,Q05397,PTK2,Tier 1
RELN,P78509,P27986,PIK3R1,Tier 2
RELN,P78509,P02649,APOE,Tier 3A
RELN,P78509,Q13797,ITGA9,Tier 3A
RELN,P78509,Q14114,LRP8,Tier 3A
RELN,P78509,P30533,LRPAP1,Tier 3A
RELN,P78509,P26006,ITGA3,Tier 3B
CUX1,P39880,P11274,BCR,Tier 1
CUX1,P39880,P05230,FGF1,Tier 1
CUX1,P39880,P09038,FGF2,Tier 1
CUX1,P39880,P08620,FGF4,Tier 1
CUX1,P39880,P11362,FGFR1,Tier 1
CUX1,P39880,P42336,PIK3CA,Tier 1
CUX1,P39880,P40763,STAT3,Tier 1
CUX1,P39880,P27986,PIK3R1,Tier 2
CUX1,P39880,P42224,STAT1,Tier 2
CUX1,P39880,P42229,STAT5A,Tier 2
CUX1,P39880,P51692,STAT5B,Tier 2
CUX1,P39880,P31371,FGF9,Tier 3A
CUX1,P39880,Q9NP95,FGF20,Tier 3B
CUX1,P39880,Q9GZV9,FGF23,Tier 3B
CUX1,P39880,P10767,FGF6,Tier 3B
CUX1,P39880,Q13103,SPP2,Tier 3B
PAPLN,O95428,P09486,SPARC,Tier 3B
PSEN1,P49768,O14672,ADAM10,Tier 1
PSEN1,P49768,P78536,ADAM17,Tier 1
PSEN1,P49768,Q96BI3,APH1A,Tier 1
PSEN1,P49768,Q8WW43,APH1B,Tier 1
PSEN1,P49768,P05067,APP,Tier 1
PSEN1,P49768,P56817,BACE1,Tier 1
PSEN1,P49768,P19022,CDH2,Tier 1
PSEN1,P49768,Q00535,CDK5,Tier 1
PSEN1,P49768,P40199,CEACAM6,Tier 1
PSEN1,P49768,P54762,EPHB1,Tier 1
PSEN1,P49768,P29323,EPHB2,Tier 1
PSEN1,P49768,P54753,EPHB3,Tier 1
PSEN1,P49768,P54760,EPHB4,Tier 1
PSEN1,P49768,O15197,EPHB6,Tier 1
PSEN1,P49768,Q15303,ERBB4,Tier 1
PSEN1,P49768,O75460,ERN1,Tier 1
PSEN1,P49768,P22607,FGFR3,Tier 1
PSEN1,P49768,P10253,GAA,Tier 1
PSEN1,P49768,P49841,GSK3B,Tier 1
PSEN1,P49768,P10636,MAPT,Tier 1
PSEN1,P49768,P10620,MGST1,Tier 1
PSEN1,P49768,Q92542,NCSTN,Tier 1
PSEN1,P49768,P01138,NGF,Tier 1
PSEN1,P49768,P08138,NGFR,Tier 1
PSEN1,P49768,P46531,NOTCH1,Tier 1
PSEN1,P49768,Q13393,PLD1,Tier 1
PSEN1,P49768,P42785,PRCP,Tier 1
PSEN1,P49768,P17612,PRKACA,Tier 1
PSEN1,P49768,P49810,PSEN2,Tier 1
PSEN1,P49768,Q9NZ42,PSENEN,Tier 1
PSEN1,P49768,Q6ZQN7,SLCO4C1,Tier 1
PSEN1,P49768,P04637,TP53,Tier 1
PSEN1,P49768,P15309,ACPP,Tier 2
PSEN1,P49768,Q16581,C3AR1,Tier 2
PSEN1,P49768,P35222,CTNNB1,Tier 2
PSEN1,P49768,Q9NZJ5,EIF2AK3,Tier 2
PSEN1,P49768,P21462,FPR1,Tier 2
PSEN1,P49768,P14735,IDE,Tier 2
PSEN1,P49768,O00462,MANBA,Tier 2
PSEN1,P49768,P22694,PRKACB,Tier 2
PSEN1,P49768,P02649,APOE,Tier 3A
PSEN1,P49768,P15291,B4GALT1,Tier 3A
PSEN1,P49768,P23560,BDNF,Tier 3A
PSEN1,P49768,P08962,CD63,Tier 3A
PSEN1,P49768,P34810,CD68,Tier 3A
PSEN1,P49768,P12830,CDH1,Tier 3A
PSEN1,P49768,Q12860,CNTN1,Tier 3A
PSEN1,P49768,P11279,LAMP1,Tier 3A
PSEN1,P49768,Q04721,NOTCH2,Tier 3A
PSEN1,P49768,Q99466,NOTCH4,Tier 3A
PSEN1,P49768,P56975,NRG3,Tier 3A
PSEN1,P49768,Q8WWG1,NRG4,Tier 3A
PSEN1,P49768,P07602,PSAP,Tier 3A
PSEN1,P49768,P49755,TMED10,Tier 3A
PSEN1,P49768,Q86UQ4,ABCA13,Tier 3B
PSEN1,P49768,Q10589,BST2,Tier 3B
PSEN1,P49768,P31997,CEACAM8,Tier 3B
PSEN1,P49768,P39656,DDOST,Tier 3B
PSEN1,P49768,Q14318,FKBP8,Tier 3B
PSEN1,P49768,P13473,LAMP2,Tier 3B
PSEN1,P49768,Q9UM47,NOTCH3,Tier 3B
PSEN1,P49768,O14511,NRG2,Tier 3B
PSEN1,P49768,P01833,PIGR,Tier 3B
PSEN1,P49768,P22612,PRKACG,Tier 3B
PSEN1,P49768,O95721,SNAP29,Tier 3B
PSEN1,P49768,Q9BV40,VAMP8,Tier 3B
PSEN1,P49768,P67809,YBX1,Tier 3B
ACOT1,Q86TX2,P09467,FBP1,Tier 2
ACOT1,Q86TX2,O00767,SCD,Tier 2
ACOT1,Q86TX2,Q86SK9,SCD5,Tier 2
RCN2,Q14257,P47972,NPTX2,Tier 3B
ETFA,P13804,P00441,SOD1,Tier 1
ETFA,P13804,P09622,DLD,Tier 3A
ETFA,P13804,P06865,HEXA,Tier 3B
SLC7A5,Q01650,P35613,BSG,Tier 1
SLC7A5,Q01650,P42345,MTOR,Tier 1
SLC7A5,Q01650,P08195,SLC3A2,Tier 3B
ENO3,P13929,P15121,AKR1B1,Tier 1
ENO3,P13929,P62942,FKBP1A,Tier 1
ENO3,P13929,P68106,FKBP1B,Tier 1
ENO3,P13929,P36969,GPX4,Tier 1
ENO3,P13929,P14618,PKM,Tier 1
ENO3,P13929,P26885,FKBP2,Tier 2
ENO3,P13929,P11413,G6PD,Tier 2
ENO3,P13929,P04406,GAPDH,Tier 2
ENO3,P13929,P07195,LDHB,Tier 2
ENO3,P13929,P35558,PCK1,Tier 2
ENO3,P13929,P30613,PKLR,Tier 2
ENO3,P13929,P11217,PYGM,Tier 2
ENO3,P13929,P29401,TKT,Tier 2
ENO3,P13929,Q9UNW1,MINPP1,Tier 3A
ENO3,P13929,P04075,ALDOA,Tier 3B
ENO3,P13929,P06744,GPI,Tier 3B
ENO3,P13929,O95479,H6PD,Tier 3B
CHRNE,Q04844,P22303,ACHE,Tier 1
CHRNE,Q04844,P02708,CHRNA1,Tier 1
CHRNE,Q04844,Q15822,CHRNA2,Tier 1
CHRNE,Q04844,P32297,CHRNA3,Tier 1
CHRNE,Q04844,P43681,CHRNA4,Tier 1
CHRNE,Q04844,P36544,CHRNA7,Tier 1
CHRNE,Q04844,P11230,CHRNB1,Tier 1
CHRNE,Q04844,P17787,CHRNB2,Tier 1
CHRNE,Q04844,P30926,CHRNB4,Tier 1
CHRNE,Q04844,Q07001,CHRND,Tier 1
CHRNE,Q04844,P07510,CHRNG,Tier 1
CHRNE,Q04844,Q8N4C8,MINK1,Tier 1
CHRNE,Q04844,Q9UGM1,CHRNA9,Tier 3A
CHRNE,Q04844,Q9Y215,COLQ,Tier 3B
C1QBP,Q07021,P68400,CSNK2A1,Tier 1
C1QBP,Q07021,P03952,KLKB1,Tier 1
C1QBP,Q07021,P42785,PRCP,Tier 1
C1QBP,Q07021,P19784,CSNK2A2,Tier 2
C1QBP,Q07021,P03951,F11,Tier 2
C1QBP,Q07021,P00748,F12,Tier 3A
C1QBP,Q07021,P07359,GP1BA,Tier 3A
C1QBP,Q07021,P01042,KNG1,Tier 3A
C1QBP,Q07021,P05155,SERPING1,Tier 3A
C1QBP,Q07021,P01023,A2M,Tier 3B
C1QBP,Q07021,P13224,GP1BB,Tier 3B
C1QBP,Q07021,P40197,GP5,Tier 3B
C1QBP,Q07021,P14770,GP9,Tier 3B
TOM1L2,Q6ZVM7,P50225,SULT1A1,Tier 1
TOM1L2,Q6ZVM7,Q9UBT2,UBA2,Tier 2
SHMT1,P34896,P00374,DHFR,Tier 1
SHMT1,P34896,P22102,GART,Tier 1
SHMT1,P34896,Q06203,PPAT,Tier 1
SHMT1,P34896,P41440,SLC19A1,Tier 1
SHMT1,P34896,P04818,TYMS,Tier 1
SHMT1,P34896,P23526,AHCY,Tier 2
SHMT1,P34896,P31939,ATIC,Tier 2
SHMT1,P34896,Q93088,BHMT,Tier 2
SHMT1,P34896,P14920,DAO,Tier 2
SHMT1,P34896,Q86XF0,DHFRL1,Tier 2
SHMT1,P34896,Q05932,FPGS,Tier 2
SHMT1,P34896,P04406,GAPDH,Tier 2
SHMT1,P34896,P07195,LDHB,Tier 2
SHMT1,P34896,P09622,DLD,Tier 3A
SHMT1,P34896,O75891,ALDH1L1,Tier 3B
SHMT1,P34896,Q3SY69,ALDH1L2,Tier 3B
SLC44A2,Q8IWA5,O14672,ADAM10,Tier 1
SLC44A2,Q8IWA5,P20138,CD33,Tier 1
SLC44A2,Q8IWA5,P40198,CEACAM3,Tier 1
SLC44A2,Q8IWA5,P30926,CHRNB4,Tier 1
SLC44A2,Q8IWA5,P20701,ITGAL,Tier 1
SLC44A2,Q8IWA5,P06756,ITGAV,Tier 1
SLC44A2,Q8IWA5,P05107,ITGB2,Tier 1
SLC44A2,Q8IWA5,Q14145,KEAP1,Tier 1
SLC44A2,Q8IWA5,P51575,P2RX1,Tier 1
SLC44A2,Q8IWA5,Q13393,PLD1,Tier 1
SLC44A2,Q8IWA5,P22732,SLC2A5,Tier 1
SLC44A2,Q8IWA5,Q6ZQN7,SLCO4C1,Tier 1
SLC44A2,Q8IWA5,P60880,SNAP25,Tier 1
SLC44A2,Q8IWA5,O94804,STK10,Tier 1
SLC44A2,Q8IWA5,P78325,ADAM8,Tier 2
SLC44A2,Q8IWA5,O15120,AGPAT2,Tier 2
SLC44A2,Q8IWA5,Q16581,C3AR1,Tier 2
SLC44A2,Q8IWA5,P04839,CYBB,Tier 2
SLC44A2,Q8IWA5,O75907,DGAT1,Tier 2
SLC44A2,Q8IWA5,P25090,FPR2,Tier 2
SLC44A2,Q8IWA5,Q9NPA2,MMP25,Tier 2
SLC44A2,Q8IWA5,P00749,PLAU,Tier 2
SLC44A2,Q8IWA5,Q03405,PLAUR,Tier 2
SLC44A2,Q8IWA5,P23467,PTPRB,Tier 2
SLC44A2,Q8IWA5,O00161,SNAP23,Tier 2
SLC44A2,Q8IWA5,Q10588,BST1,Tier 3A
SLC44A2,Q8IWA5,P16671,CD36,Tier 3A
SLC44A2,Q8IWA5,P19397,CD53,Tier 3A
SLC44A2,Q8IWA5,Q9NPY3,CD93,Tier 3A
SLC44A2,Q8IWA5,P24071,FCAR,Tier 3A
SLC44A2,Q8IWA5,P11215,ITGAM,Tier 3A
SLC44A2,Q8IWA5,Q12913,PTPRJ,Tier 3A
SLC44A2,Q8IWA5,P43353,ALDH3B1,Tier 3B
SLC44A2,Q8IWA5,Q8N6Q3,CD177,Tier 3B
SLC44A2,Q8IWA5,Q08722,CD47,Tier 3B
SLC44A2,Q8IWA5,P13987,CD59,Tier 3B
SLC44A2,Q8IWA5,P13688,CEACAM1,Tier 3B
SLC44A2,Q8IWA5,P31997,CEACAM8,Tier 3B
SLC44A2,Q8IWA5,Q9NQS5,GPR84,Tier 3B
SLC44A2,Q8IWA5,Q86Y34,GPR97,Tier 3B
SLC44A2,Q8IWA5,Q6GTX8,LAIR1,Tier 3B
SLC44A2,Q8IWA5,P78380,OLR1,Tier 3B
SLC44A2,Q8IWA5,P20333,TNFRSF1B,Tier 3B
SLC44A2,Q8IWA5,O94759,TRPM2,Tier 3B
SLC44A2,Q8IWA5,Q9BV40,VAMP8,Tier 3B
CARM1,Q86X55,O95477,ABCA1,Tier 1
CARM1,Q86X55,P21439,ABCB4,Tier 1
CARM1,Q86X55,P10275,AR,Tier 1
CARM1,Q86X55,O14965,AURKA,Tier 1
CARM1,Q86X55,P04798,CYP1A1,Tier 1
CARM1,Q86X55,Q02928,CYP4A11,Tier 1
CARM1,Q86X55,P22680,CYP7A1,Tier 1
CARM1,Q86X55,P03372,ESR1,Tier 1
CARM1,Q86X55,Q92731,ESR2,Tier 1
CARM1,Q86X55,P07148,FABP1,Tier 1
CARM1,Q86X55,P37268,FDFT1,Tier 1
CARM1,Q86X55,O15379,HDAC3,Tier 1
CARM1,Q86X55,P16401,HIST1H1B,Tier 1
CARM1,Q86X55,P53779,MAPK10,Tier 1
CARM1,Q86X55,Q16539,MAPK14,Tier 1
CARM1,Q86X55,P45983,MAPK8,Tier 1
CARM1,Q86X55,P45984,MAPK9,Tier 1
CARM1,Q86X55,Q9Y618,NCOR2,Tier 1
CARM1,Q86X55,P04150,NR3C1,Tier 1
CARM1,Q86X55,Q07869,PPARA,Tier 1
CARM1,Q86X55,P17612,PRKACA,Tier 1
CARM1,Q86X55,P10276,RARA,Tier 1
CARM1,Q86X55,P23443,RPS6KB1,Tier 1
CARM1,Q86X55,P19793,RXRA,Tier 1
CARM1,Q86X55,Q6PCB7,SLC27A1,Tier 1
CARM1,Q86X55,P12931,SRC,Tier 1
CARM1,Q86X55,Q06520,SULT2A1,Tier 1
CARM1,Q86X55,P04637,TP53,Tier 1
CARM1,Q86X55,Q16881,TXNRD1,Tier 1
CARM1,Q86X55,O60656,UGT1A9,Tier 1
CARM1,Q86X55,P50416,CPT1A,Tier 2
CARM1,Q86X55,P23786,CPT2,Tier 2
CARM1,Q86X55,Q92793,CREBBP,Tier 2
CARM1,Q86X55,P35222,CTNNB1,Tier 2
CARM1,Q86X55,Q15717,ELAVL1,Tier 2
CARM1,Q86X55,Q09472,EP300,Tier 2
CARM1,Q86X55,P01100,FOS,Tier 2
CARM1,Q86X55,P05412,JUN,Tier 2
CARM1,Q86X55,Q92831,KAT2B,Tier 2
CARM1,Q86X55,P48163,ME1,Tier 2
CARM1,Q86X55,Q9Y6Q9,NCOA3,Tier 2
CARM1,Q86X55,P22694,PRKACB,Tier 2
CARM1,Q86X55,Q9UBS0,RPS6KB2,Tier 2
CARM1,Q86X55,Q9BY76,ANGPTL4,Tier 3A
CARM1,Q86X55,P02647,APOA1,Tier 3A
CARM1,Q86X55,Q6Q788,APOA5,Tier 3A
CARM1,Q86X55,P16671,CD36,Tier 3A
CARM1,Q86X55,Q30201,HFE,Tier 3A
CARM1,Q86X55,P68431,HIST1H3A,Tier 3A
CARM1,Q86X55,P68431,HIST1H3B,Tier 3A
CARM1,Q86X55,P68431,HIST1H3D,Tier 3A
CARM1,Q86X55,P68431,HIST1H3E,Tier 3A
CARM1,Q86X55,P62805,HIST1H4A,Tier 3A
CARM1,Q86X55,P62805,HIST1H4B,Tier 3A
CARM1,Q86X55,P62805,HIST1H4C,Tier 3A
CARM1,Q86X55,P62805,HIST1H4D,Tier 3A
CARM1,Q86X55,P62805,HIST1H4E,Tier 3A
CARM1,Q86X55,P62805,HIST1H4F,Tier 3A
CARM1,Q86X55,P62805,HIST1H4H,Tier 3A
CARM1,Q86X55,P62805,HIST1H4I,Tier 3A
CARM1,Q86X55,P04155,TFF1,Tier 3A
CARM1,Q86X55,O75509,TNFRSF21,Tier 3A
CARM1,Q86X55,P01019,AGT,Tier 3B
CARM1,Q86X55,P02652,APOA2,Tier 3B
CARM1,Q86X55,P84243,H3F3A,Tier 3B
CARM1,Q86X55,P84243,H3F3B,Tier 3B
CARM1,Q86X55,P68431,HIST1H3H,Tier 3B
CARM1,Q86X55,P68431,HIST1H3I,Tier 3B
CARM1,Q86X55,P68431,HIST1H3J,Tier 3B
CARM1,Q86X55,P62805,HIST1H4J,Tier 3B
CARM1,Q86X55,P62805,HIST1H4K,Tier 3B
CARM1,Q86X55,P62805,HIST1H4L,Tier 3B
CARM1,Q86X55,Q71DI3,HIST2H3A,Tier 3B
CARM1,Q86X55,Q71DI3,HIST2H3C,Tier 3B
CARM1,Q86X55,Q71DI3,HIST2H3D,Tier 3B
CARM1,Q86X55,P62805,HIST2H4A,Tier 3B
CARM1,Q86X55,P62805,HIST2H4B,Tier 3B
CARM1,Q86X55,P62805,HIST4H4,Tier 3B
CARM1,Q86X55,Q99541,PLIN2,Tier 3B
CARM1,Q86X55,P22612,PRKACG,Tier 3B
CARM1,Q86X55,Q96RU7,TRIB3,Tier 3B
SMARCA4,P51532,P24385,CCND1,Tier 1
SMARCA4,P51532,P11802,CDK4,Tier 1
SMARCA4,P51532,Q9Y6K1,DNMT3A,Tier 1
SMARCA4,P51532,Q92731,ESR2,Tier 1
SMARCA4,P51532,Q13547,HDAC1,Tier 1
SMARCA4,P51532,Q92769,HDAC2,Tier 1
SMARCA4,P51532,O15379,HDAC3,Tier 1
SMARCA4,P51532,P04150,NR3C1,Tier 1
SMARCA4,P51532,P09874,PARP1,Tier 1
SMARCA4,P51532,P37231,PPARG,Tier 1
SMARCA4,P51532,P19793,RXRA,Tier 1
SMARCA4,P51532,Q02880,TOP2B,Tier 1
SMARCA4,P51532,P04637,TP53,Tier 1
SMARCA4,P51532,P11473,VDR,Tier 1
SMARCA4,P51532,Q13315,ATM,Tier 2
SMARCA4,P51532,P38398,BRCA1,Tier 2
SMARCA4,P51532,O60885,BRD4,Tier 2
SMARCA4,P51532,Q86X55,CARM1,Tier 2
SMARCA4,P51532,Q92793,CREBBP,Tier 2
SMARCA4,P51532,P35222,CTNNB1,Tier 2
SMARCA4,P51532,Q09472,EP300,Tier 2
SMARCA4,P51532,P05412,JUN,Tier 2
SMARCA4,P51532,Q92831,KAT2B,Tier 2
SMARCA4,P51532,O60341,KDM1A,Tier 2
SMARCA4,P51532,P06400,RB1,Tier 2
SMARCA4,P51532,Q04206,RELA,Tier 2
SMARCA4,P51532,P42229,STAT5A,Tier 2
SMARCA4,P51532,P51692,STAT5B,Tier 2
SMARCA4,P51532,O14746,TERT,Tier 2
SMARCA4,P51532,P12830,CDH1,Tier 3A
SMARCA4,P51532,P09429,HMGB1,Tier 3A
SMARCA4,P51532,O76036,NCR1,Tier 3A
SMARCA4,P51532,P84243,H3F3A,Tier 3B
SMARCA4,P51532,P84243,H3F3B,Tier 3B
SMARCA4,P51532,P01574,IFNB1,Tier 3B
ARSA,P15289,P00387,CYB5R3,Tier 1
ARSA,P15289,P08246,ELANE,Tier 1
ARSA,P15289,P42685,FRK,Tier 1
ARSA,P15289,P06280,GLA,Tier 1
ARSA,P15289,P20839,IMPDH1,Tier 1
ARSA,P15289,O00754,MAN2B1,Tier 1
ARSA,P15289,P28482,MAPK1,Tier 1
ARSA,P15289,P05164,MPO,Tier 1
ARSA,P15289,Q05655,PRKCD,Tier 1
ARSA,P15289,P08842,STS,Tier 1
ARSA,P15289,P02766,TTR,Tier 1
ARSA,P15289,P07437,TUBB,Tier 1
ARSA,P15289,P68371,TUBB4B,Tier 1
ARSA,P15289,Q16880,UGT8,Tier 1
ARSA,P15289,P53396,ACLY,Tier 2
ARSA,P15289,P10619,CTSA,Tier 2
ARSA,P15289,P53634,CTSC,Tier 2
ARSA,P15289,P08311,CTSG,Tier 2
ARSA,P15289,Q9UHL4,DPP7,Tier 2
ARSA,P15289,P04066,FUCA1,Tier 2
ARSA,P15289,Q9BTY2,FUCA2,Tier 2
ARSA,P15289,Q92820,GGH,Tier 2
ARSA,P15289,P16278,GLB1,Tier 2
ARSA,P15289,P55072,VCP,Tier 2
ARSA,P15289,P20933,AGA,Tier 3A
ARSA,P15289,P17213,BPI,Tier 3A
ARSA,P15289,P01024,C3,Tier 3A
ARSA,P15289,P54803,GALC,Tier 3A
ARSA,P15289,P34059,GALNS,Tier 3A
ARSA,P15289,P28799,GRN,Tier 3A
ARSA,P15289,Q99519,NEU1,Tier 3A
ARSA,P15289,P19652,ORM2,Tier 3A
ARSA,P15289,Q9HD89,RETN,Tier 3A
ARSA,P15289,O00584,RNASET2,Tier 3A
ARSA,P15289,P31151,S100A7,Tier 3A
ARSA,P15289,Q8NBK3,SUMF1,Tier 3A
ARSA,P15289,P07355,ANXA2,Tier 3B
ARSA,P15289,Q96EG1,ARSG,Tier 3B
ARSA,P15289,Q5FYB1,ARSI,Tier 3B
ARSA,P15289,P20160,AZU1,Tier 3B
ARSA,P15289,Q7Z4R8,C6orf120,Tier 3B
ARSA,P15289,Q9NZK5,CECR1,Tier 3B
ARSA,P15289,O75629,CREG1,Tier 3B
ARSA,P15289,P15586,GNS,Tier 3B
ARSA,P15289,P08236,GUSB,Tier 3B
ARSA,P15289,P61626,LYZ,Tier 3B
ARSA,P15289,P24158,PRTN3,Tier 3B
ARSA,P15289,P10153,RNASE2,Tier 3B
ARSA,P15289,P12724,RNASE3,Tier 3B
ARSA,P15289,P29508,SERPINB3,Tier 3B
