SNP,locus_index,TOP,r2,CHR,BP,ALLELE1,ALLELE0,A1FREQ,Location,Allele,Consequence,IMPACT,SYMBOL,Gene,Feature_type,Feature,BIOTYPE,EXON,INTRON,HGVSc,HGVSp,cDNA_position,CDS_position,Protein_position,Amino_acids,Codons,Existing_variation,REF_ALLELE,UPLOADED_ALLELE,DISTANCE,STRAND,FLAGS,SYMBOL_SOURCE,HGNC_ID,MANE,MANE_SELECT,MANE_PLUS_CLINICAL,TSL,APPRIS,SIFT,PolyPhen,AF,CLIN_SIG,SOMATIC,PHENO,PUBMED,MOTIF_NAME,MOTIF_POS,HIGH_INF_POS,MOTIF_SCORE_CHANGE,TRANSCRIPTION_FACTORS,LOEUF,REVEL
rs201994637,NCK2,rs73949308,0.918811,2,105762912,AG,A,0.036722,2:105762912-105762912,G,intron_variant,MODIFIER,NCK2,ENSG00000071051,Transcript,ENST00000233154.9,protein_coding,-,1/4,-,-,-,-,-,-,-,rs201994637,-,-/G,-,1,-,HGNC,HGNC:7665,MANE_Select,NM_003581.5,-,5,P1,-,-,0.0134,-,-,-,-,-,-,-,-,-,5.6500e-01,-
rs142581278,NCK2,rs73949308,0.956108,2,105789244,GT,G,0.036441,2:105789244-105789244,T,intron_variant,MODIFIER,NCK2,ENSG00000071051,Transcript,ENST00000451463.6,protein_coding,-,1/3,-,-,-,-,-,-,-,rs142581278,-,-/T,-,1,-,HGNC,HGNC:7665,-,-,-,2,-,-,-,0.0132,-,-,-,-,-,-,-,-,-,5.6500e-01,-
rs200169103,NCK2,rs73949308,0.954884,2,105792387,CTG,C,0.036313,2:105792387-105792387,TG,downstream_gene_variant,MODIFIER,-,ENSG00000290119,Transcript,ENST00000820838.1,lncRNA,-,-,-,-,-,-,-,-,-,rs200169103,-,-/TG,728,-1,-,-,-,-,-,-,-,-,-,-,0.0132,-,-,-,-,-,-,-,-,-,-,-
17:45588636:AT:A,NSF/MAPT/KANSL1,rs8712,0.850603,17,45588636,A,AT,0.165205,17:45588636-45588637,-,upstream_gene_variant,MODIFIER,-,ENSG00000291175,Transcript,ENST00000807339.1,lncRNA,-,-,-,-,-,-,-,-,-,rs367637729,T,T/-,4026,-1,-,-,-,-,-,-,-,-,-,-,0.0895,-,-,-,-,-,-,-,-,-,-,-
rs67379001,NSF/MAPT/KANSL1,rs8712,0.860575,17,45631049,C,CA,0.162149,17:45631049-45631050,-,"intron_variant,non_coding_transcript_variant",MODIFIER,LINC02210,ENSG00000293460,Transcript,ENST00000455565.5,lncRNA,-,3/3,-,-,-,-,-,-,-,rs67379001,A,A/-,-,1,-,EntrezGene,HGNC:26327,-,-,-,1,-,-,-,0.0861,-,-,-,-,-,-,-,-,-,-,-
17:45646881:T:TA,NSF/MAPT/KANSL1,rs8712,0.857742,17,45646881,TA,T,0.160707,17:45646881-45646881,A,downstream_gene_variant,MODIFIER,LINC02210,ENSG00000293460,Transcript,ENST00000585677.1,lncRNA,-,-,-,-,-,-,-,-,-,rs34792335,-,-/A,873,1,-,EntrezGene,HGNC:26327,-,-,-,3,-,-,-,0.0859,-,-,-,-,-,-,-,-,-,-,-
rs68054598,NSF/MAPT/KANSL1,rs8712,0.860563,17,45656341,G,GC,0.162768,17:45656341-45656342,-,"intron_variant,non_coding_transcript_variant",MODIFIER,-,ENSG00000306349,Transcript,ENST00000817145.1,lncRNA,-,3/4,-,-,-,-,-,-,-,rs68054598,C,C/-,-,-1,-,-,-,-,-,-,-,-,-,-,0.0861,-,-,-,-,-,-,-,-,-,-,-
rs66618107,NSF/MAPT/KANSL1,rs8712,0.861746,17,45656889,T,TA,0.163005,17:45656889-45656890,-,downstream_gene_variant,MODIFIER,LINC02210,ENSG00000293460,Transcript,ENST00000591271.5,lncRNA,-,-,-,-,-,-,-,-,-,rs66618107,A,A/-,1734,1,-,EntrezGene,HGNC:26327,-,-,-,3,-,-,-,0.0861,-,-,-,-,-,-,-,-,-,-,-
rs67487164,NSF/MAPT/KANSL1,rs8712,0.860336,17,45664261,AT,A,0.162699,17:45664261-45664261,T,"intron_variant,non_coding_transcript_variant",MODIFIER,-,ENSG00000306349,Transcript,ENST00000817145.1,lncRNA,-,2/4,-,-,-,-,-,-,-,rs67487164,-,-/T,-,-1,-,-,-,-,-,-,-,-,-,-,0.0861,-,-,-,-,-,-,-,-,-,-,-
rs35707876,NSF/MAPT/KANSL1,rs8712,0.860669,17,45665088,A,AC,0.162722,17:45665088-45665089,-,downstream_gene_variant,MODIFIER,-,ENSG00000306349,Transcript,ENST00000817146.1,lncRNA,-,-,-,-,-,-,-,-,-,rs35707876,C,C/-,3900,-1,-,-,-,-,-,-,-,-,-,-,0.0875,-,-,-,-,-,-,-,-,-,-,-
rs66750197,NSF/MAPT/KANSL1,rs8712,0.860175,17,45668821,T,TC,0.163003,17:45668821-45668822,-,downstream_gene_variant,MODIFIER,-,ENSG00000306349,Transcript,ENST00000817146.1,lncRNA,-,-,-,-,-,-,-,-,-,rs66750197,C,C/-,167,-1,-,-,-,-,-,-,-,-,-,-,0.0861,-,-,-,-,-,-,-,-,-,-,-
rs142642115,NSF/MAPT/KANSL1,rs8712,0.859625,17,45669244,TATC,T,0.160898,17:45669244-45669244,ATC,"intron_variant,non_coding_transcript_variant",MODIFIER,-,ENSG00000306349,Transcript,ENST00000817145.1,lncRNA,-,1/4,-,-,-,-,-,-,-,rs142642115,-,-/ATC,-,-1,-,-,-,-,-,-,-,-,-,-,0.0861,-,-,1,33875891,-,-,-,-,-,-,-
rs72004359,NSF/MAPT/KANSL1,rs8712,0.860732,17,45674232,G,GT,0.161244,17:45674232-45674233,-,upstream_gene_variant,MODIFIER,-,ENSG00000306349,Transcript,ENST00000817145.1,lncRNA,-,-,-,-,-,-,-,-,-,rs72004359,T,T/-,3345,-1,-,-,-,-,-,-,-,-,-,-,-,-,-,-,-,-,-,-,-,-,-,-
rs35331519,NSF/MAPT/KANSL1,rs8712,0.857408,17,45683008,AT,A,0.161131,17:45683008-45683008,T,intergenic_variant,MODIFIER,-,-,-,-,-,-,-,-,-,-,-,-,-,-,rs35331519,-,-/T,-,-,-,-,-,-,-,-,-,-,-,-,0.0879,-,-,1,36477530,-,-,-,-,-,-,-
rs72005898,NSF/MAPT/KANSL1,rs8712,0.860862,17,45683393,A,AT,0.162615,17:45683393-45683394,-,intergenic_variant,MODIFIER,-,-,-,-,-,-,-,-,-,-,-,-,-,-,rs72005898,T,T/-,-,-,-,-,-,-,-,-,-,-,-,-,0.0861,-,-,-,-,-,-,-,-,-,-,-
rs74501994,NSF/MAPT/KANSL1,rs8712,0.859691,17,45686661,G,GGCCGAGGTGAGAGGCT,0.162492,17:45686661-45686677,-,intergenic_variant,MODIFIER,-,-,-,-,-,-,-,-,-,-,-,-,-,-,rs74501994,GCCGAGGTGAGAGGCT,GCCGAGGTGAGAGGCT/-,-,-,-,-,-,-,-,-,-,-,-,-,0.0861,-,-,-,-,-,-,-,-,-,-,-
rs112904481,NSF/MAPT/KANSL1,rs8712,0.861145,17,45689128,AC,A,0.162674,17:45689128-45689128,C,intergenic_variant,MODIFIER,-,-,-,-,-,-,-,-,-,-,-,-,-,-,rs112904481,-,-/C,-,-,-,-,-,-,-,-,-,-,-,-,0.0863,-,-,-,-,-,-,-,-,-,-,-
rs56038959,NSF/MAPT/KANSL1,rs8712,0.86199,17,45691255,A,AG,0.162968,17:45691255-45691256,-,intergenic_variant,MODIFIER,-,-,-,-,-,-,-,-,-,-,-,-,-,-,rs56038959,G,G/-,-,-,-,-,-,-,-,-,-,-,-,-,0.0861,-,-,-,-,-,-,-,-,-,-,-
rs111666243,NSF/MAPT/KANSL1,rs8712,0.861473,17,45692453,A,AAAATT,0.163241,17:45692453-45692458,-,intergenic_variant,MODIFIER,-,-,-,-,-,-,-,-,-,-,-,-,-,-,rs111666243,AAATT,AAATT/-,-,-,-,-,-,-,-,-,-,-,-,-,0.0861,-,-,-,-,-,-,-,-,-,-,-
rs112694589,NSF/MAPT/KANSL1,rs8712,0.859546,17,45700469,T,TATCCTGCTTCCC,0.16281,17:45700469-45700481,-,intergenic_variant,MODIFIER,-,-,-,-,-,-,-,-,-,-,-,-,-,-,rs112694589,ATCCTGCTTCCC,ATCCTGCTTCCC/-,-,-,-,-,-,-,-,-,-,-,-,-,0.0861,-,-,-,-,-,-,-,-,-,-,-
rs111581254,NSF/MAPT/KANSL1,rs8712,0.860963,17,45737004,A,AC,0.162797,17:45737004-45737005,-,upstream_gene_variant,MODIFIER,-,ENSG00000265547,Transcript,ENST00000717262.1,lncRNA,-,-,-,-,-,-,-,-,-,rs111581254,C,C/-,2333,-1,-,-,-,-,-,-,-,-,-,-,0.0953,-,-,-,-,-,-,-,-,-,-,-
rs66857688,NSF/MAPT/KANSL1,rs8712,0.860283,17,45742231,A,AC,0.162786,17:45742231-45742232,-,upstream_gene_variant,MODIFIER,-,ENSG00000265547,Transcript,ENST00000717263.1,lncRNA,-,-,-,-,-,-,-,-,-,rs66857688,C,C/-,1573,-1,-,-,-,-,-,-,-,-,-,-,0.0954,-,-,-,-,-,-,-,-,-,-,-
rs112702678,NSF/MAPT/KANSL1,rs8712,0.860528,17,45749790,G,GA,0.16276,17:45749790-45749791,-,intergenic_variant,MODIFIER,-,-,-,-,-,-,-,-,-,-,-,-,-,-,rs112702678,A,A/-,-,-,-,-,-,-,-,-,-,-,-,-,0.0954,-,-,-,-,-,-,-,-,-,-,-
rs111697872,NSF/MAPT/KANSL1,rs8712,0.860882,17,45763360,CTT,C,0.162019,17:45763360-45763360,TT,intergenic_variant,MODIFIER,-,-,-,-,-,-,-,-,-,-,-,-,-,-,rs111697872,-,-/TT,-,-,-,-,-,-,-,-,-,-,-,-,0.0863,-,-,-,-,-,-,-,-,-,-,-
rs67038745,NSF/MAPT/KANSL1,rs8712,0.856229,17,45771280,A,AG,0.162811,17:45771280-45771281,-,regulatory_region_variant,MODIFIER,-,-,RegulatoryFeature,ENSR17_BC492,enhancer,-,-,-,-,-,-,-,-,-,rs67038745,G,G/-,-,-,-,-,-,-,-,-,-,-,-,-,0.0857,-,-,-,-,-,-,-,-,-,-,-
rs66559210,NSF/MAPT/KANSL1,rs8712,0.860477,17,45772206,A,AT,0.162499,17:45772206-45772207,-,intergenic_variant,MODIFIER,-,-,-,-,-,-,-,-,-,-,-,-,-,-,rs66559210,T,T/-,-,-,-,-,-,-,-,-,-,-,-,-,0.0891,-,-,-,-,-,-,-,-,-,-,-
rs113246445,NSF/MAPT/KANSL1,rs8712,0.861229,17,45773843,AT,A,0.162634,17:45773843-45773843,T,intergenic_variant,MODIFIER,-,-,-,-,-,-,-,-,-,-,-,-,-,-,rs113246445,-,-/T,-,-,-,-,-,-,-,-,-,-,-,-,0.0865,-,-,-,-,-,-,-,-,-,-,-
17:45778135:AC:A,NSF/MAPT/KANSL1,rs8712,0.861161,17,45778135,A,AC,0.16203,17:45778135-45778136,-,intergenic_variant,MODIFIER,-,-,-,-,-,-,-,-,-,-,-,-,-,-,rs368284065,C,C/-,-,-,-,-,-,-,-,-,-,-,-,-,0.0863,-,-,-,-,-,-,-,-,-,-,-
rs145503157,NSF/MAPT/KANSL1,rs8712,0.861609,17,45782563,CACG,C,0.162722,17:45782563-45782563,ACG,upstream_gene_variant,MODIFIER,CRHR1,ENSG00000120088,Transcript,ENST00000347197.9,nonsense_mediated_decay,-,-,-,-,-,-,-,-,-,rs145503157,-,-/ACG,1743,1,-,HGNC,HGNC:2357,-,-,-,2,-,-,-,0.0861,-,-,-,-,-,-,-,-,-,-,-
rs67297711,NSF/MAPT/KANSL1,rs8712,0.859364,17,45815780,C,CCCAGTTCAGTGTGT,0.162548,17:45815780-45815794,-,intron_variant,MODIFIER,CRHR1,ENSG00000120088,Transcript,ENST00000314537.10,protein_coding,-,2/12,-,-,-,-,-,-,-,rs67297711,CCAGTTCAGTGTGT,CCAGTTCAGTGTGT/-,-,1,-,HGNC,HGNC:2357,MANE_Select,NM_004382.5,-,1,P1,-,-,0.0861,-,-,-,-,-,-,-,-,-,6.5500e-01,-
rs55757142,NSF/MAPT/KANSL1,rs8712,0.85884,17,45817119,GA,G,0.162366,17:45817119-45817119,A,intron_variant,MODIFIER,CRHR1,ENSG00000120088,Transcript,ENST00000314537.10,protein_coding,-,3/12,-,-,-,-,-,-,-,rs55757142,-,-/A,-,1,-,HGNC,HGNC:2357,MANE_Select,NM_004382.5,-,1,P1,-,-,0.0861,-,-,-,-,-,-,-,-,-,6.5500e-01,-
rs113651837,NSF/MAPT/KANSL1,rs8712,0.857792,17,45817802,TG,T,0.16305,17:45817802-45817802,G,"intron_variant,NMD_transcript_variant",MODIFIER,CRHR1,ENSG00000120088,Transcript,ENST00000339069.9,nonsense_mediated_decay,-,3/11,-,-,-,-,-,-,-,rs113651837,-,-/G,-,1,-,HGNC,HGNC:2357,-,-,-,2,-,-,-,0.0861,-,-,-,-,-,-,-,-,-,6.5500e-01,-
rs67584582,NSF/MAPT/KANSL1,rs8712,0.857866,17,45819660,T,TGGAG,0.162356,17:45819660-45819664,-,"intron_variant,NMD_transcript_variant",MODIFIER,CRHR1,ENSG00000120088,Transcript,ENST00000619154.4,nonsense_mediated_decay,-,2/10,-,-,-,-,-,-,-,rs67584582,GGAG,GGAG/-,-,1,-,HGNC,HGNC:2357,-,-,-,1,-,-,-,0.0861,-,-,-,-,-,-,-,-,-,6.5500e-01,-
rs45502095,NSF/MAPT/KANSL1,rs8712,0.858773,17,45820996,A,AAGG,0.162614,17:45820996-45820999,-,"intron_variant,non_coding_transcript_variant",MODIFIER,CRHR1,ENSG00000120088,Transcript,ENST00000582766.5,retained_intron,-,2/5,-,-,-,-,-,-,-,rs45502095,AGG,AGG/-,-,1,-,HGNC,HGNC:2357,-,-,-,5,-,-,-,0.0861,-,-,-,"19022385,36419517",-,-,-,-,-,6.5500e-01,-
rs3029044,NSF/MAPT/KANSL1,rs8712,0.858591,17,45830275,CAGGTGG,C,0.162685,17:45830275-45830275,AGGTGG,non_coding_transcript_exon_variant,MODIFIER,CRHR1,ENSG00000120088,Transcript,ENST00000705344.1,retained_intron,1/7,-,-,-,218-219,-,-,-,-,rs3029044,-,-/AGGTGG,-,1,-,HGNC,HGNC:2357,-,-,-,-,-,-,-,0.0861,-,-,-,19878140,-,-,-,-,-,6.5500e-01,-
rs56396707,NSF/MAPT/KANSL1,rs8712,0.858212,17,45831110,G,GT,0.162732,17:45831110-45831111,-,"intron_variant,non_coding_transcript_variant",MODIFIER,CRHR1,ENSG00000120088,Transcript,ENST00000705340.1,protein_coding_CDS_not_defined,-,9/13,-,-,-,-,-,-,-,rs56396707,T,T/-,-,1,-,HGNC,HGNC:2357,-,-,-,-,-,-,-,0.0859,-,-,-,-,-,-,-,-,-,6.5500e-01,-
rs112691859,NSF/MAPT/KANSL1,rs8712,0.855647,17,45834901,TG,T,0.161225,17:45834901-45834901,G,3_prime_UTR_variant,MODIFIER,CRHR1,ENSG00000120088,Transcript,ENST00000314537.10,protein_coding,13/13,-,-,-,1610-1611,-,-,-,-,rs112691859,-,-/G,-,1,-,HGNC,HGNC:2357,MANE_Select,NM_004382.5,-,1,P1,-,-,0.0857,-,-,-,-,-,-,-,-,-,6.5500e-01,-
rs66506221,NSF/MAPT/KANSL1,rs8712,0.856778,17,45835994,T,TGAGGGCAGGAGG,0.162541,17:45835994-45836006,-,downstream_gene_variant,MODIFIER,CRHR1,ENSG00000120088,Transcript,ENST00000347197.9,nonsense_mediated_decay,-,-,-,-,-,-,-,-,-,"rs2151348569,rs2151348571,rs2151348579,rs66506221",GAGGGCAGGAGG,GAGGGCAGGAGG/-,170,1,-,HGNC,HGNC:2357,-,-,-,2,-,-,-,0.0861,-,-,-,-,-,-,-,-,-,-,-
rs112104267,NSF/MAPT/KANSL1,rs8712,0.856859,17,45840935,G,GCCAGGAGTTCGAGA,0.162554,17:45840935-45840949,-,downstream_gene_variant,MODIFIER,MAPT-AS1,ENSG00000264589,Transcript,ENST00000581125.2,lncRNA,-,-,-,-,-,-,-,-,-,rs112104267,CCAGGAGTTCGAGA,CCAGGAGTTCGAGA/-,2927,-1,-,HGNC,HGNC:43738,-,-,-,2,-,-,-,0.0861,-,-,-,-,-,-,-,-,-,-,-
rs56166546,NSF/MAPT/KANSL1,rs8712,0.856169,17,45842853,A,AAAG,0.163158,17:45842853-45842856,-,downstream_gene_variant,MODIFIER,MAPT-AS1,ENSG00000264589,Transcript,ENST00000579244.1,lncRNA,-,-,-,-,-,-,-,-,-,rs56166546,AAG,AAG/-,795,-1,-,HGNC,HGNC:43738,-,-,-,2,-,-,-,0.0855,-,-,-,-,-,-,-,-,-,-,-
17:45848727:GATGA:G,NSF/MAPT/KANSL1,rs8712,0.855557,17,45848727,G,GATGA,0.165687,17:45848727-45848731,-,"intron_variant,non_coding_transcript_variant",MODIFIER,MAPT-AS1,ENSG00000264589,Transcript,ENST00000579244.1,lncRNA,-,1/1,-,-,-,-,-,-,-,rs72059179,ATGA,ATGA/-,-,-1,-,HGNC,HGNC:43738,-,-,-,2,-,-,-,-,-,-,-,-,-,-,-,-,-,-,-
rs66575115,NSF/MAPT/KANSL1,rs8712,0.851818,17,45851263,G,GCACA,0.162731,17:45851263-45851267,-,"intron_variant,non_coding_transcript_variant",MODIFIER,MAPT-AS1,ENSG00000264589,Transcript,ENST00000634876.2,lncRNA,-,1/6,-,-,-,-,-,-,-,rs66575115,CACA,CACA/-,-,-1,-,HGNC,HGNC:43738,-,-,-,5,-,-,-,0.1130,-,-,1,28135244,-,-,-,-,-,-,-
rs66600441,NSF/MAPT/KANSL1,rs8712,0.83413,17,45855824,G,GTTTTTA,0.158873,17:45855824-45855830,-,"intron_variant,non_coding_transcript_variant",MODIFIER,MAPT-AS1,ENSG00000264589,Transcript,ENST00000634876.2,lncRNA,-,1/6,-,-,-,-,-,-,-,rs66600441,TTTTTA,TTTTTA/-,-,-1,-,HGNC,HGNC:43738,-,-,-,5,-,-,-,0.0851,-,-,-,-,-,-,-,-,-,-,-
rs112588484,NSF/MAPT/KANSL1,rs8712,0.860091,17,45857221,G,GT,0.162875,17:45857221-45857222,-,"intron_variant,non_coding_transcript_variant",MODIFIER,MAPT-AS1,ENSG00000264589,Transcript,ENST00000579244.1,lncRNA,-,1/1,-,-,-,-,-,-,-,rs112588484,T,T/-,-,-1,-,HGNC,HGNC:43738,-,-,-,2,-,-,-,0.0861,-,-,-,-,-,-,-,-,-,-,-
rs67698634,NSF/MAPT/KANSL1,rs8712,0.860249,17,45869810,A,AC,0.161675,17:45869810-45869811,-,"intron_variant,non_coding_transcript_variant",MODIFIER,MAPT-AS1,ENSG00000264589,Transcript,ENST00000579244.1,lncRNA,-,1/1,-,-,-,-,-,-,-,rs67698634,C,C/-,-,-1,-,HGNC,HGNC:43738,-,-,-,2,-,-,-,0.0861,-,-,-,-,-,-,-,-,-,-,-
rs67344622,NSF/MAPT/KANSL1,rs8712,0.859882,17,45874233,C,CAGAT,0.162336,17:45874233-45874237,-,"intron_variant,non_coding_transcript_variant",MODIFIER,MAPT-AS1,ENSG00000264589,Transcript,ENST00000579244.1,lncRNA,-,1/1,-,-,-,-,-,-,-,rs67344622,AGAT,AGAT/-,-,-1,-,HGNC,HGNC:43738,-,-,-,2,-,-,-,0.0861,-,-,-,-,-,-,-,-,-,-,-
rs111362359,NSF/MAPT/KANSL1,rs8712,0.85765,17,45877050,AC,A,0.163294,17:45877050-45877050,C,"intron_variant,non_coding_transcript_variant",MODIFIER,MAPT-AS1,ENSG00000264589,Transcript,ENST00000649665.1,lncRNA,-,1/2,-,-,-,-,-,-,-,rs111362359,-,-/C,-,-1,-,HGNC,HGNC:43738,-,-,-,-,-,-,-,0.1262,-,-,-,-,-,-,-,-,-,-,-
rs67040965,NSF/MAPT/KANSL1,rs8712,0.860398,17,45877616,T,TTCTCTTCCTCA,0.161691,17:45877616-45877627,-,"intron_variant,non_coding_transcript_variant",MODIFIER,MAPT-AS1,ENSG00000264589,Transcript,ENST00000793286.1,lncRNA,-,1/1,-,-,-,-,-,-,-,rs67040965,TCTCTTCCTCA,TCTCTTCCTCA/-,-,-1,-,HGNC,HGNC:43738,-,-,-,-,-,-,-,0.0861,-,-,-,-,-,-,-,-,-,-,-
rs79215047,NSF/MAPT/KANSL1,rs8712,0.932073,17,45889544,AAGG,A,0.162656,17:45889544-45889544,AGG,"intron_variant,non_coding_transcript_variant",MODIFIER,MAPT-AS1,ENSG00000264589,Transcript,ENST00000579244.1,lncRNA,-,1/1,-,-,-,-,-,-,-,rs79215047,-,-/AGG,-,-1,-,HGNC,HGNC:43738,-,-,-,2,-,-,-,0.0859,-,-,-,-,-,-,-,-,-,-,-
17:45893840:CTAATT:C,NSF/MAPT/KANSL1,rs8712,0.952111,17,45893840,C,CTAATT,0.157292,17:45893840-45893845,-,upstream_gene_variant,MODIFIER,MAPT,ENSG00000186868,Transcript,ENST00000262410.10,protein_coding,-,-,-,-,-,-,-,-,-,rs111907488,TAATT,TAATT/-,709,1,-,HGNC,HGNC:6893,MANE_Select,NM_001377265.1,-,1,A2,-,-,0.0861,-,-,-,-,-,-,-,-,-,-,-
rs200326647,NSF/MAPT/KANSL1,rs8712,0.972126,17,45917773,T,TTTTTTTTTTTC,0.158423,17:45917773-45917784,-,intron_variant,MODIFIER,MAPT,ENSG00000186868,Transcript,ENST00000262410.10,protein_coding,-,1/12,-,-,-,-,-,-,-,rs200326647,TTTTTTTTTTC,TTTTTTTTTTC/-,-,1,-,HGNC,HGNC:6893,MANE_Select,NM_001377265.1,-,1,A2,-,-,0.0861,-,-,-,-,-,-,-,-,-,5.2400e-01,-
rs55658521,NSF/MAPT/KANSL1,rs8712,0.995164,17,46024483,TC,T,0.167445,17:46024483-46024483,C,downstream_gene_variant,MODIFIER,MAPT,ENSG00000186868,Transcript,ENST00000574436.5,protein_coding,-,-,-,-,-,-,-,-,-,rs55658521,-,-/C,312,1,-,HGNC,HGNC:6893,-,-,-,5,A2,-,-,0.0857,benign,-,1,-,-,-,-,-,-,-,-
rs55857174,NSF/MAPT/KANSL1,rs8712,0.98447,17,46060020,TAA,T,0.163928,17:46060020-46060020,AA,intron_variant,MODIFIER,KANSL1,ENSG00000120071,Transcript,ENST00000432791.7,protein_coding,-,6/14,-,-,-,-,-,-,-,rs55857174,-,-/AA,-,-1,-,HGNC,HGNC:24565,MANE_Select,NM_015443.4,-,1,P4,-,-,0.0863,-,-,-,-,-,-,-,-,-,1.5800e-01,-
